date,Actuals & Commitment,P1,P2,P3,Bluesky,MCOM,On-Call,Expenses,AnB,Tech Funds,month_end_title,client_unit,legal_entity,month_end_helper,adjustments,,,,,,,,,,,
2019-02-01,1260970.1752,1223032.1608,37938.0144,0,0,0,0,0,0,0,2019-01-01,HSBC,GFT FINANCIAL LTD.,2019-01-01,0.0,,,,,,,,,,,
2019-03-01,1367457.87795,1082446.53,101500.03169999999,183511.31625000003,0,0,0,0,0,0,2019-01-01,HSBC,GFT FINANCIAL LTD.,2019-01-01,0.0,,,,,,,,,,,
2019-04-01,1367509.5063999998,810930.832,107576.90580000001,392241.76859999995,56759.99999999999,0,0,0,0,0,2019-01-01,HSBC,GFT FINANCIAL LTD.,2019-01-01,0.0,,,,,,,,,,,
2019-05-01,1468103.91075,815076.0599999999,106394.742,483933.1087500001,62700,0,0,0,0,0,2019-01-01,HSBC,GFT FINANCIAL LTD.,2019-01-01,0.0,,,,,,,,,,,
2019-06-01,1521558.60415,337641.78,101075.0049,538966.81925,543875,0,0,0,0,0,2019-01-01,HSBC,GFT FINANCIAL LTD.,2019-01-01,0.0,,,,,,,,,,,
2019-07-01,1668691.8742499999,254404.97999999998,112896.64289999999,636045.25135,665345,0,0,0,0,0,2019-01-01,HSBC,GFT FINANCIAL LTD.,2019-01-01,0.0,,,,,,,,,,,
2019-08-01,1472571.7503,166165.26,49689.546299999995,564871.944,691845,0,0,0,0,0,2019-01-01,HSBC,GFT FINANCIAL LTD.,2019-01-01,0.0,,,,,,,,,,,
2019-09-01,1529159.1548000001,169374.02,50251.010099999985,459090.12470000004,850444,0,0,0,0,0,2019-01-01,HSBC,GFT FINANCIAL LTD.,2019-01-01,0.0,,,,,,,,,,,
2019-10-01,1877640.470025,193863.52,57269.307599999986,447457.642425,1179050,0,0,0,0,0,2019-01-01,HSBC,GFT FINANCIAL LTD.,2019-01-01,0.0,,,,,,,,,,,
2019-11-01,1659841.8177,162615.84,47162.9592,347479.0185,1102584,0,0,0,0,0,2019-01-01,HSBC,GFT FINANCIAL LTD.,2019-01-01,0.0,,,,,,,,,,,
2019-12-01,1433365.8449,128208.17599999999,35300.65239999999,161757.0165,1108099.9999999998,0,0,0,0,0,2019-01-01,HSBC,GFT FINANCIAL LTD.,2019-01-01,0.0,,,,,,,,,,,
2019-03-01,1363945.8149,1344618.5247000002,19327.2902,0,0,0,0,0,0,0,2019-02-01,HSBC,GFT FINANCIAL LTD.,2019-02-01,0.0,,,,,,,,,,,
2019-04-01,1306704.8451,923586.4981,229956.33949999994,153162.00749999998,0,0,0,0,0,0,2019-02-01,HSBC,GFT FINANCIAL LTD.,2019-02-01,0.0,,,,,,,,,,,
2019-05-01,1562547.51,944875.58,367014.69,250657.24000000002,0,0,0,0,0,0,2019-02-01,HSBC,GFT FINANCIAL LTD.,2019-02-01,0.0,,,,,,,,,,,
2019-06-01,1472412.9525000001,577176.4140000001,348898.33125,471573.20725,74765,0,0,0,0,0,2019-02-01,HSBC,GFT FINANCIAL LTD.,2019-02-01,0.0,,,,,,,,,,,
2019-07-01,1686049.7086999998,218909.53999999998,284989.90625000006,730970.2624499998,451180,0,0,0,0,0,2019-02-01,HSBC,GFT FINANCIAL LTD.,2019-02-01,0.0,,,,,,,,,,,
2019-08-01,1504516.0909,166459.08,260169.49375,639407.51715,438480,0,0,0,0,0,2019-02-01,HSBC,GFT FINANCIAL LTD.,2019-02-01,0.0,,,,,,,,,,,
2019-09-01,1579847.6158,169671.16,196718.09125,597458.36455,616000,0,0,0,0,0,2019-02-01,HSBC,GFT FINANCIAL LTD.,2019-02-01,0.0,,,,,,,,,,,
2019-10-01,1852615.063,194202.16,188280.984,530801.9190000001,939330,0,0,0,0,0,2019-02-01,HSBC,GFT FINANCIAL LTD.,2019-02-01,0.0,,,,,,,,,,,
2019-11-01,1695542.1762,162454.72,102640.566,341326.8902,1089120,0,0,0,0,0,2019-02-01,HSBC,GFT FINANCIAL LTD.,2019-02-01,0.0,,,,,,,,,,,
2019-12-01,1280307.6095499997,156690.75999999998,59610.17855,123766.671,940239.9999999999,0,0,0,0,0,2019-02-01,HSBC,GFT FINANCIAL LTD.,2019-02-01,0.0,,,,,,,,,,,
2019-04-01,1210170.2478,983759.514,102135.7974,124274.93639999999,0,0,0,0,0,0,2019-03-01,HSBC,GFT FINANCIAL LTD.,2019-03-01,0.0,,,,,,,,,,,
2019-05-01,1453915.09,987640.5500000002,185306.796,228567.744,52400,0,0,0,0,0,2019-03-01,HSBC,GFT FINANCIAL LTD.,2019-03-01,0.0,,,,,,,,,,,
2019-06-01,1488057.9011,334074.017,484616.61819999997,442127.2659,227240,0,0,0,0,0,2019-03-01,HSBC,GFT FINANCIAL LTD.,2019-03-01,0.0,,,,,,,,,,,
2019-07-01,1662775.9219000002,186647.539,691613.9747000001,561964.4082000001,222550,0,0,0,0,0,2019-03-01,HSBC,GFT FINANCIAL LTD.,2019-03-01,0.0,,,,,,,,,,,
2019-08-01,1544522.6643,171059.133,594422.2779,518956.2534,260084.99999999997,0,0,0,0,0,2019-03-01,HSBC,GFT FINANCIAL LTD.,2019-03-01,0.0,,,,,,,,,,,
2019-09-01,1682181.1926000002,174323.191,528644.8793,437028.12230000005,542185,0,0,0,0,0,2019-03-01,HSBC,GFT FINANCIAL LTD.,2019-03-01,0.0,,,,,,,,,,,
2019-10-01,1923027.1849,115088.716,505440.94399999996,457317.5249000001,845180,0,0,0,0,0,2019-03-01,HSBC,GFT FINANCIAL LTD.,2019-03-01,0.0,,,,,,,,,,,
2019-11-01,1698430.17,97742.47200000001,389450.076,262637.622,948600,0,0,0,0,0,2019-03-01,HSBC,GFT FINANCIAL LTD.,2019-03-01,0.0,,,,,,,,,,,
2019-12-01,1248669.5784999998,45212.445,77562.12749999999,91470.006,1034424.9999999999,0,0,0,0,0,2019-03-01,HSBC,GFT FINANCIAL LTD.,2019-03-01,0.0,,,,,,,,,,,
2019-05-01,1219027.4464999998,1160965.8499999999,58061.5965,0,0,0,0,0,0,0,2019-04-01,HSBC,GFT FINANCIAL LTD.,2019-04-01,0.0,,,,,,,,,,,
2019-06-01,1424966.48647,773462.146,517608.58546999993,133895.755,0,0,0,0,0,0,2019-04-01,HSBC,GFT FINANCIAL LTD.,2019-04-01,0.0,,,,,,,,,,,
2019-07-01,1607001.3838699998,427535.45800000004,807774.0183699998,371691.90750000003,0,0,0,0,0,0,2019-04-01,HSBC,GFT FINANCIAL LTD.,2019-04-01,0.0,,,,,,,,,,,
2019-08-01,1628471.2143899999,303787.008,724982.5953899999,537751.611,61950,0,0,0,0,0,2019-04-01,HSBC,GFT FINANCIAL LTD.,2019-04-01,0.0,,,,,,,,,,,
2019-09-01,1689786.0797799998,321174.61199999996,726137.7315299999,448398.73624999996,194075,0,0,0,0,0,2019-04-01,HSBC,GFT FINANCIAL LTD.,2019-04-01,0.0,,,,,,,,,,,
2019-10-01,1981099.34553,176400.30399999997,680131.7822799999,543117.25925,581450,0,0,0,0,0,2019-04-01,HSBC,GFT FINANCIAL LTD.,2019-04-01,0.0,,,,,,,,,,,
2019-11-01,1777532.64276,97726.51200000002,570257.26776,451108.86300000007,658440,0,0,0,0,0,2019-04-01,HSBC,GFT FINANCIAL LTD.,2019-04-01,0.0,,,,,,,,,,,
2019-12-01,1285045.1037499998,91134.64600000001,190050.97799999997,286709.47975,717149.9999999999,0,0,0,0,0,2019-04-01,HSBC,GFT FINANCIAL LTD.,2019-04-01,0.0,,,,,,,,,,,
2019-06-01,1274844.1875,1001930.3439999999,272913.8435,0,0,0,0,0,0,0,2019-05-01,HSBC,GFT FINANCIAL LTD.,2019-05-01,0.0,,,,,,,,,,,
2019-07-01,1455599.486,807607.3130000001,647992.1730000001,0,0,0,0,0,0,0,2019-05-01,HSBC,GFT FINANCIAL LTD.,2019-05-01,0.0,,,,,,,,,,,
2019-08-01,1556240.27025,709247.8020000001,692938.71825,24168.75,129885,0,0,0,0,0,2019-05-01,HSBC,GFT FINANCIAL LTD.,2019-05-01,0.0,,,,,,,,,,,
2019-09-01,1770593.48245,637330.729,504462.51425,180590.23919999998,448210,0,0,0,0,0,2019-05-01,HSBC,GFT FINANCIAL LTD.,2019-05-01,0.0,,,,,,,,,,,
2019-10-01,2086205.3852000001,659833.508,477936.26300000004,350925.61419999995,597510,0,0,0,0,0,2019-05-01,HSBC,GFT FINANCIAL LTD.,2019-05-01,0.0,,,,,,,,,,,
2019-11-01,1823562.5004,548108.616,381593.304,339700.5804,554160,0,0,0,0,0,2019-05-01,HSBC,GFT FINANCIAL LTD.,2019-05-01,0.0,,,,,,,,,,,
2019-12-01,1360323.74495,292382.817,115550.9715,396064.95645,556325,0,0,0,0,0,2019-05-01,HSBC,GFT FINANCIAL LTD.,2019-05-01,0.0,,,,,,,,,,,
2019-07-01,1413148.9490999999,1286357.7740999998,126791.17499999999,0,0,0,0,0,0,0,2019-06-01,HSBC,GFT FINANCIAL LTD.,2019-06-01,0.0,,,,,,,,,,,
2019-08-01,1371470.8076999998,1072472.7935999997,284382.01410000003,14616,0,0,0,0,0,0,2019-06-01,HSBC,GFT FINANCIAL LTD.,2019-06-01,0.0,,,,,,,,,,,
2019-09-01,1626854.4315999998,857363.8095,420115.21719999996,86525.4049,262850,0,0,0,0,0,2019-06-01,HSBC,GFT FINANCIAL LTD.,2019-06-01,0.0,,,,,,,,,,,
2019-10-01,1980776.2193999998,672062.1429999999,567217.9525,264916.12390000006,476580,0,0,0,0,0,2019-06-01,HSBC,GFT FINANCIAL LTD.,2019-06-01,0.0,,,,,,,,,,,
2019-11-01,1807169.7948,524410.416,469978.4364,303500.9424,509280,0,0,0,0,0,2019-06-01,HSBC,GFT FINANCIAL LTD.,2019-06-01,0.0,,,,,,,,,,,
2019-12-01,1295585.0426999999,239528.81399999995,388135.1225,336471.1062,331450,0,0,0,0,0,2019-06-01,HSBC,GFT FINANCIAL LTD.,2019-06-01,0.0,,,,,,,,,,,
2019-08-01,1203537.2274000002,1109918.4000000001,93618.82740000001,0,0,0,0,0,0,0,2019-07-01,HSBC,GFT FINANCIAL LTD.,2019-07-01,0.0,,,,,,,,,,,
2019-09-01,1415008.3680999998,1002226.257,250718.0691,124474.04199999999,37590,0,0,0,0,0,2019-07-01,HSBC,GFT FINANCIAL LTD.,2019-07-01,0.0,,,,,,,,,,,
2019-10-01,1928150.2954699998,970836.0472199998,306092.00175000005,275932.2465,375290,0,0,0,0,0,2019-07-01,HSBC,GFT FINANCIAL LTD.,2019-07-01,0.0,,,,,,,,,,,
2019-11-01,1738900.8198000002,667235.3100000002,244826.61900000004,334118.89079999994,492720,0,0,0,0,0,2019-07-01,HSBC,GFT FINANCIAL LTD.,2019-07-01,0.0,,,,,,,,,,,
2019-12-01,1302139.03315,390889.029,192609.831,363635.17314999993,355005,0,0,0,0,0,2019-07-01,HSBC,GFT FINANCIAL LTD.,2019-07-01,0.0,,,,,,,,,,,
2019-09-01,1111866.1718499998,1111866.1718499998,0,0,0,0,0,0,0,0,2019-08-01,HSBC,GFT FINANCIAL LTD.,2019-08-01,0.0,,,,,,,,,,,
2019-10-01,1545753.5713999998,1301634.9113999999,20156.25,223962.41,0,0,0,0,0,0,2019-08-01,HSBC,GFT FINANCIAL LTD.,2019-08-01,0.0,,,,,,,,,,,
2019-11-01,1692111.6887999997,1161488.7287999997,19125,236817.96,274680,0,0,0,0,0,2019-08-01,HSBC,GFT FINANCIAL LTD.,2019-08-01,0.0,,,,,,,,,,,
2019-12-01,1234293.25195,659335.7602,39298.875,354533.61675,181125,0,0,0,0,0,2019-08-01,HSBC,GFT FINANCIAL LTD.,2019-08-01,0.0,,,,,,,,,,,
2019-10-01,1382652.3996,1328362.9870999998,54289.4125,0,0,0,0,0,0,0,2019-09-01,HSBC,GFT FINANCIAL LTD.,2019-09-01,0.0,,,,,,,,,,,
2019-11-01,1461527.4491999997,1222045.7292,210262.31999999995,29219.400000000005,0,0,0,0,0,0,2019-09-01,HSBC,GFT FINANCIAL LTD.,2019-09-01,0.0,,,,,,,,,,,
2019-12-01,1296046.3960999998,169178.39,387536.0426,739331.9634999998,0,0,0,0,0,0,2019-09-01,HSBC,GFT FINANCIAL LTD.,2019-09-01,0.0,,,,,,,,,,,
2020-01-01,1670261.2013750002,140781.61800000002,484835.83404,1044643.7493350002,0,0,0,0,0,0,2019-09-01,HSBC,GFT FINANCIAL LTD.,2019-09-01,0.0,,,,,,,,,,,
2020-02-01,1554111.3506,130914.753,413296.72056000005,1009899.8770399998,0,0,0,0,0,0,2019-09-01,HSBC,GFT FINANCIAL LTD.,2019-09-01,0.0,,,,,,,,,,,
2020-03-01,1611471.8279499998,35626,456949.87912000006,1118895.94883,0,0,0,0,0,0,2019-09-01,HSBC,GFT FINANCIAL LTD.,2019-09-01,0.0,,,,,,,,,,,
2019-11-01,1266842.4360000002,1266842.4360000002,0,0,0,0,0,0,0,0,2019-10-01,HSBC,GFT FINANCIAL LTD.,2019-10-01,0.0,,,,,,,,,,,
2019-12-01,1110843.2766999998,154045.394,776087.4466999999,180710.436,0,0,0,0,0,0,2019-10-01,HSBC,GFT FINANCIAL LTD.,2019-10-01,0.0,,,,,,,,,,,
2020-01-01,1742910.395025,54841.869000000006,1190922.114675,497146.41134999995,0,0,0,0,0,0,2019-10-01,HSBC,GFT FINANCIAL LTD.,2019-10-01,0.0,,,,,,,,,,,
2020-02-01,1717082.3435999998,0,1147520.0696999999,569562.2739,0,0,0,0,0,0,2019-10-01,HSBC,GFT FINANCIAL LTD.,2019-10-01,0.0,,,,,,,,,,,
2020-03-01,1933420.18965,0,1275733.12385,657687.0658000001,0,0,0,0,0,0,2019-10-01,HSBC,GFT FINANCIAL LTD.,2019-10-01,0.0,,,,,,,,,,,
2019-12-01,1033121.28765,192363.061,840758.22665,0,0,0,0,0,0,0,2019-11-01,HSBC,GFT FINANCIAL LTD.,2019-11-01,0.0,,,,,,,,,,,
2020-01-01,1444916.4302475,126355.77900000002,1297150.7762475,21409.875,0,0,0,0,0,0,2019-11-01,HSBC,GFT FINANCIAL LTD.,2019-11-01,0.0,,,,,,,,,,,
2020-02-01,1436170.59606,0,1298999.6167199998,137170.97934000002,0,0,0,0,0,0,2019-11-01,HSBC,GFT FINANCIAL LTD.,2019-11-01,0.0,,,,,,,,,,,
2020-03-01,1572039.8406300002,0,1280976.2028700002,291063.63776,0,0,0,0,0,0,2019-11-01,HSBC,GFT FINANCIAL LTD.,2019-11-01,0.0,,,,,,,,,,,
2020-02-01,1472158.26345,815580.333,608221.95015,48355.980299999996,0,0,0,0,0,0,2020-01-01,HSBC,GFT FINANCIAL LTD.,2020-01-01,0.0,,,,,,,,,,,
2020-03-01,1804768.8447850002,789432.6134,529264.26076,446471.9706250001,39600,0,0,0,0,0,2020-01-01,HSBC,GFT FINANCIAL LTD.,2020-01-01,0.0,,,,,,,,,,,
2020-04-01,1749150.2259575,358328.71790000005,672475.60037,694487.1576875,23858.75,0,0,0,0,0,2020-01-01,HSBC,GFT FINANCIAL LTD.,2020-01-01,0.0,,,,,,,,,,,
2020-05-01,1806216.0615,352647.18,564627.654,708941.2275,180000,0,0,0,0,0,2020-01-01,HSBC,GFT FINANCIAL LTD.,2020-01-01,0.0,,,,,,,,,,,
2020-06-01,1893923.2544999998,45429.705,570949.6657499999,928043.8837499999,349500,0,0,0,0,0,2020-01-01,HSBC,GFT FINANCIAL LTD.,2020-01-01,0.0,,,,,,,,,,,
2020-07-01,2059937.29625,49268.835,435227.345,839034.86625,736406.25,0,0,0,0,0,2020-01-01,HSBC,GFT FINANCIAL LTD.,2020-01-01,0.0,,,,,,,,,,,
2020-08-01,1676399.03525,41334.632999999994,362652.081,627912.32125,644500,0,0,0,0,0,2020-01-01,HSBC,GFT FINANCIAL LTD.,2020-01-01,0.0,,,,,,,,,,,
2020-09-01,1994158.37705,49217.6466,386840.2062,621243.02425,936857.5,0,0,0,0,0,2020-01-01,HSBC,GFT FINANCIAL LTD.,2020-01-01,0.0,,,,,,,,,,,
2020-10-01,2066590.877675,50650.9218,348866.88859999995,556735.567275,1110337.5,0,0,0,0,0,2020-01-01,HSBC,GFT FINANCIAL LTD.,2020-01-01,0.0,,,,,,,,,,,
2020-11-01,1868575.2476250003,45685.647000000004,288499.569,498077.531625,1036312.5000000001,0,0,0,0,0,2020-01-01,HSBC,GFT FINANCIAL LTD.,2020-01-01,0.0,,,,,,,,,,,
2020-12-01,1355794.0275,43510.14,86340.78,74693.1075,1151250,0,0,0,0,0,2020-01-01,HSBC,GFT FINANCIAL LTD.,2020-01-01,0.0,,,,,,,,,,,
2020-03-01,1784684.34552,1190653.2328,432040.95947,161990.15325,0,0,0,0,0,0,2020-02-01,HSBC,GFT FINANCIAL LTD.,2020-01-01,0.0,,,,,,,,,,,
2020-04-01,1952216.00464,694629.2104,675633.9017650001,581952.8924749999,0,0,0,0,0,0,2020-02-01,HSBC,GFT FINANCIAL LTD.,2020-01-01,0.0,,,,,,,,,,,
2020-05-01,2080516.6979999999,567963,684946.368,809607.33,18000,0,0,0,0,0,2020-02-01,HSBC,GFT FINANCIAL LTD.,2020-01-01,0.0,,,,,,,,,,,
2020-06-01,2178430.6793125,299353.32,699518.0661875,1160059.293125,19500,0,0,0,0,0,2020-02-01,HSBC,GFT FINANCIAL LTD.,2020-01-01,0.0,,,,,,,,,,,
2020-07-01,2346497.1930375,216183.995,717964.1995625,1256348.998475,156000,0,0,0,0,0,2020-02-01,HSBC,GFT FINANCIAL LTD.,2020-01-01,0.0,,,,,,,,,,,
2020-08-01,1959368.9798875,179913.001,557770.9942124999,1093684.984675,128000,0,0,0,0,0,2020-02-01,HSBC,GFT FINANCIAL LTD.,2020-01-01,0.0,,,,,,,,,,,
2020-09-01,2316006.1348925,211991.4402,661273.9922175,1220740.7024750002,222000,0,0,0,0,0,2020-02-01,HSBC,GFT FINANCIAL LTD.,2020-01-01,0.0,,,,,,,,,,,
2020-10-01,2437681.9127149996,170537.6546,510419.07623999997,1159847.7818749999,596877.4,0,0,0,0,0,2020-02-01,HSBC,GFT FINANCIAL LTD.,2020-01-01,0.0,,,,,,,,,,,
2020-11-01,2207503.1308500003,158107.359,394505.781225,1008113.7406250001,646776.25,0,0,0,0,0,2020-02-01,HSBC,GFT FINANCIAL LTD.,2020-01-01,0.0,,,,,,,,,,,
2020-12-01,1585743.0699999998,45647.71000000001,7528.815,1181116.545,351450,0,0,0,0,0,2020-02-01,HSBC,GFT FINANCIAL LTD.,2020-01-01,0.0,,,,,,,,,,,
2020-03-01,1784684.34552,1190653.2328,432040.95947,161990.15325,0,0,0,0,0,0,2020-02-01,HSBC,GFT FINANCIAL LTD.,2020-01-01,0.0,,,,,,,,,,,
2020-04-01,1952216.00464,694629.2104,675633.9017650001,581952.8924749999,0,0,0,0,0,0,2020-02-01,HSBC,GFT FINANCIAL LTD.,2020-01-01,0.0,,,,,,,,,,,
2020-05-01,2080516.6979999999,567963,684946.368,809607.33,18000,0,0,0,0,0,2020-02-01,HSBC,GFT FINANCIAL LTD.,2020-01-01,0.0,,,,,,,,,,,
2020-06-01,2178430.6793125,299353.32,699518.0661875,1160059.293125,19500,0,0,0,0,0,2020-02-01,HSBC,GFT FINANCIAL LTD.,2020-01-01,0.0,,,,,,,,,,,
2020-07-01,2346497.1930375,216183.995,717964.1995625,1256348.998475,156000,0,0,0,0,0,2020-02-01,HSBC,GFT FINANCIAL LTD.,2020-01-01,0.0,,,,,,,,,,,
2020-08-01,1959368.9798875,179913.001,557770.9942124999,1093684.984675,128000,0,0,0,0,0,2020-02-01,HSBC,GFT FINANCIAL LTD.,2020-01-01,0.0,,,,,,,,,,,
2020-09-01,2316006.1348925,211991.4402,661273.9922175,1220740.7024750002,222000,0,0,0,0,0,2020-02-01,HSBC,GFT FINANCIAL LTD.,2020-01-01,0.0,,,,,,,,,,,
2020-10-01,2437681.9127149996,170537.6546,510419.07623999997,1159847.7818749999,596877.4,0,0,0,0,0,2020-02-01,HSBC,GFT FINANCIAL LTD.,2020-01-01,0.0,,,,,,,,,,,
2020-11-01,2207503.1308500003,158107.359,394505.781225,1008113.7406250001,646776.25,0,0,0,0,0,2020-02-01,HSBC,GFT FINANCIAL LTD.,2020-01-01,0.0,,,,,,,,,,,
2020-12-01,1585743.0699999998,45647.71000000001,7528.815,1181116.545,351450,0,0,0,0,0,2020-02-01,HSBC,GFT FINANCIAL LTD.,2020-01-01,0.0,,,,,,,,,,,
2019-02-01,4140041.0044130194,4086327.787317619,60440.25,174.00067099000003,0,-85829.69357558977,33928.66,45000,0,,2019-01-01,DB UK (EUR),GFT FINANCIAL LTD.,2019-01-01,60779.95,,,,,,,,,,,
2019-03-01,3931969.043905621,3861793.978114247,103682.25,14407.03438334,0,-126510.97859196614,33459.45,45137.31,0,,2019-01-01,DB UK (EUR),GFT FINANCIAL LTD.,2019-01-01,60779.95,,,,,,,,,,,
2019-04-01,3392145.5278405943,1366238.8279600001,1964804.157288485,215606.337807173,0,-224393.2552150636,23497.559999999998,46391.899999999994,0,,2019-01-01,DB UK (EUR),GFT FINANCIAL LTD.,2019-01-01,60779.95,,,,,,,,,,,
2019-05-01,3831849.76569905,1485238.032725,2107871.5235189595,255463.13337848202,155000,-243291.96392339203,27535.09,44033.950000000004,0,,2019-01-01,DB UK (EUR),GFT FINANCIAL LTD.,2019-01-01,60779.95,,,,,,,,,,,
2019-06-01,3590239.2786190133,1300072.035805,1877582.832221115,230144.39241372197,335000,-224086.04182082374,22246.9,49279.159999999996,0,,2019-01-01,DB UK (EUR),GFT FINANCIAL LTD.,2019-01-01,60779.95,,,,,,,,,,,
2019-07-01,3376556.4624430016,847452.0610999999,1917141.4652888551,468001.89955927536,335000,-234644.27350512886,17465.42,26139.89,0,,2019-01-01,DB UK (EUR),GFT FINANCIAL LTD.,2019-01-01,60779.95,,,,,,,,,,,
2019-08-01,2957032.231644379,763747.8341,1649511.41206588,362745.87233693973,335000,-195742.236858441,16014.080000000002,25755.27,0,,2019-01-01,DB UK (EUR),GFT FINANCIAL LTD.,2019-01-01,60779.95,,,,,,,,,,,
2019-09-01,3160494.036051669,742338.6423000001,1817126.1290809647,434189.9882598519,335000,-212249.26358914725,16265,27823.54,0,,2019-01-01,DB UK (EUR),GFT FINANCIAL LTD.,2019-01-01,60779.95,,,,,,,,,,,
2019-10-01,3343645.030848014,826668.8555999999,1890276.8141587146,482561.2070836939,335000,-231175.54599439428,16271.719999999998,24041.98,0,,2019-01-01,DB UK (EUR),GFT FINANCIAL LTD.,2019-01-01,60779.95,,,,,,,,,,,
2019-11-01,3054416.5818755953,756279.0814,1694164.8731818548,432202.61029563384,335000,-200876.9030018934,14143.730000000003,23503.190000000002,0,,2019-01-01,DB UK (EUR),GFT FINANCIAL LTD.,2019-01-01,60779.95,,,,,,,,,,,
2019-12-01,2813500.5398693467,702345.7124000001,1549015.9980980596,351083.2098095609,335000,-167774.90043827382,12717.58,31112.940000000006,0,,2019-01-01,DB UK (EUR),GFT FINANCIAL LTD.,2019-01-01,60779.95,,,,,,,,,,,
2019-03-01,3887248.140239576,3878606.0652,50592.41023488499,0,0,-101950.33519530887,15000,45000,0,,2019-02-01,DB UK (EUR),GFT FINANCIAL LTD.,2019-01-01,0.0,,,,,,,,,,,
2019-04-01,3331178.1459470107,1314869.4485000002,2147207.70308899,6753.188068999999,0,-203364.34371097948,30000,35712.15,0,,2019-02-01,DB UK (EUR),GFT FINANCIAL LTD.,2019-01-01,0.0,,,,,,,,,,,
2019-05-01,3887390.7367895595,1476363.5337000003,2382912.851952865,30331.581776674997,155000,-221228.79063998078,30000,34011.56,0,,2019-02-01,DB UK (EUR),GFT FINANCIAL LTD.,2019-01-01,0.0,,,,,,,,,,,
2019-06-01,3619589.7788787377,1282428.6896000002,2105204.1180981495,30434.451088675,335000,-201610.61990808696,30000,38133.14000000001,0,,2019-02-01,DB UK (EUR),GFT FINANCIAL LTD.,2019-01-01,0.0,,,,,,,,,,,
2019-07-01,3072560.8893011357,845115.4410000001,1618410.274684225,412428.340501655,335000,-186983.51688474434,25000,23590.350000000002,0,,2019-02-01,DB UK (EUR),GFT FINANCIAL LTD.,2019-01-01,0.0,,,,,,,,,,,
2019-08-01,2769183.680666571,762705.8782,1412553.9039628247,368176.399553855,335000,-157458.2310501086,25000,23205.73,0,,2019-02-01,DB UK (EUR),GFT FINANCIAL LTD.,2019-01-01,0.0,,,,,,,,,,,
2019-09-01,2818098.8136546616,738164.2154000001,1500606.4656717498,361749.47352072,335000,-167452.53093780822,25000,25031.190000000002,0,,2019-02-01,DB UK (EUR),GFT FINANCIAL LTD.,2019-01-01,0.0,,,,,,,,,,,
2019-10-01,3055772.4337973753,818874.9224000002,1781644.107548295,264152.79909315,335000,-185391.83524406998,20000,21492.44,0,,2019-02-01,DB UK (EUR),GFT FINANCIAL LTD.,2019-01-01,0.0,,,,,,,,,,,
2019-11-01,2749137.3413801375,750556.8986,1548604.823763115,231412.61449560002,335000,-157512.04547857752,20000,21075.050000000003,0,,2019-02-01,DB UK (EUR),GFT FINANCIAL LTD.,2019-01-01,0.0,,,,,,,,,,,
2019-12-01,2571317.2658219836,697843.094,1414319.33506702,210001.016780575,335000,-136959.12002561157,20000,31112.940000000006,0,,2019-02-01,DB UK (EUR),GFT FINANCIAL LTD.,2019-01-01,0.0,,,,,,,,,,,
2019-04-01,3385952.1630469556,3317667.439711,101789.99723260001,38101.409999999996,0,-144606.6838966446,28000,45000,0,,2019-03-01,DB UK (EUR),GFT FINANCIAL LTD.,2019-01-01,0.0,,,,,,,,,,,
2019-05-01,3760036.87598685,3564865.5232526,211466.92908662002,139360.415,0,-228655.9913523702,28000,45000,0,,2019-03-01,DB UK (EUR),GFT FINANCIAL LTD.,2019-01-01,0.0,,,,,,,,,,,
2019-06-01,3568586.8380674445,3090533.2441881993,266267.56896744,196769.5175,150000,-207983.49258819496,28000,45000,0,,2019-03-01,DB UK (EUR),GFT FINANCIAL LTD.,2019-01-01,0.0,,,,,,,,,,,
2019-07-01,3347710.2092744475,1332160.9623018,1605871.14601364,381524.17388952995,170000.00000000003,-205846.0729305225,22000,42000,0,,2019-03-01,DB UK (EUR),GFT FINANCIAL LTD.,2019-01-01,0.0,,,,,,,,,,,
2019-08-01,2688936.9446273046,1129784.6888616001,1189644.6847848548,300097.87548625,170000.00000000003,-164590.30450540036,22000,42000,0,,2019-03-01,DB UK (EUR),GFT FINANCIAL LTD.,2019-01-01,0.0,,,,,,,,,,,
2019-09-01,3046481.4563658033,1158783.498645,1471553.0442718049,365275.24943803996,170000.00000000003,-183130.33598904114,22000,42000,0,,2019-03-01,DB UK (EUR),GFT FINANCIAL LTD.,2019-01-01,0.0,,,,,,,,,,,
2019-10-01,3259156.468547488,1325751.7847000002,1604219.00683068,305794.037176075,170000,-206608.36015926683,20000,40000,0,,2019-03-01,DB UK (EUR),GFT FINANCIAL LTD.,2019-01-01,0.0,,,,,,,,,,,
2019-11-01,2866777.8771569207,1159186.1864999998,1398476.1672112998,259340.77532203,170000.00000000003,-175225.25187640887,20000,35000,0,,2019-03-01,DB UK (EUR),GFT FINANCIAL LTD.,2019-01-01,0.0,,,,,,,,,,,
2019-12-01,2363418.9514311813,1053262.6597,1265938.4887952998,146872.15459546,0,-150654.35165957824,18000,30000,0,,2019-03-01,DB UK (EUR),GFT FINANCIAL LTD.,2019-01-01,0.0,,,,,,,,,,,
2019-05-01,3937223.8445230755,3977594.4416036005,38803.3096336,0,0,-162173.90671412504,33000,50000,0,,2019-04-01,DB UK (EUR),GFT FINANCIAL LTD.,2019-04-01,0.0,,,,,,,,,,,
2019-06-01,3587919.9030835317,3631751.7382642007,76508.42839855999,5193.420000000001,0,-208533.68357922882,33000,50000,0,,2019-04-01,DB UK (EUR),GFT FINANCIAL LTD.,2019-04-01,0.0,,,,,,,,,,,
2019-07-01,3486322.3494729158,1884345.9314,1613519.1961552352,76200.277062375,50000,-212743.05514469443,25000,50000,0,,2019-04-01,DB UK (EUR),GFT FINANCIAL LTD.,2019-04-01,0.0,,,,,,,,,,,
2019-08-01,2986294.230981581,1636863.7281000002,1350637.157948335,49616.170665237005,50000,-175822.82573199138,25000,50000,0,,2019-04-01,DB UK (EUR),GFT FINANCIAL LTD.,2019-04-01,0.0,,,,,,,,,,,
2019-09-01,3131632.40161492,1662106.2206,1485349.3088713097,48595.755455784005,50000,-189418.88331217394,25000,50000,0,,2019-04-01,DB UK (EUR),GFT FINANCIAL LTD.,2019-04-01,0.0,,,,,,,,,,,
2019-10-01,3167831.28934171,1753335.8087,1369098.363440885,135265.811888435,50000,-208868.69468761014,24000,45000,0,,2019-04-01,DB UK (EUR),GFT FINANCIAL LTD.,2019-04-01,0.0,,,,,,,,,,,
2019-11-01,2781078.1690447647,1523874.1676,1192973.371785305,128113.85610310998,50000,-177883.2264436503,24000,40000,0,,2019-04-01,DB UK (EUR),GFT FINANCIAL LTD.,2019-04-01,0.0,,,,,,,,,,,
2019-12-01,2359965.6723221345,1304014.5288999998,1063673.47628182,94716.36713947,0,-152438.69999915565,20000,30000,0,,2019-04-01,DB UK (EUR),GFT FINANCIAL LTD.,2019-04-01,0.0,,,,,,,,,,,
2019-06-01,3585670.8842444406,3539189.378598001,0,20864.083473900002,0,-58382.57782746,34000,50000,0,,2019-05-01,DB UK (EUR),GFT FINANCIAL LTD.,2019-04-01,0.0,,,,,,,,,,,
2019-07-01,3823325.2601416013,1975489.402186,1885200.7708095796,45133.866204,0,-164498.779057978,32000,50000,0,,2019-05-01,DB UK (EUR),GFT FINANCIAL LTD.,2019-04-01,0.0,,,,,,,,,,,
2019-08-01,2992457.5682906765,1597478.292532,1434532.9805946902,31428.265647999997,0,-152981.9704840136,32000,50000,0,,2019-05-01,DB UK (EUR),GFT FINANCIAL LTD.,2019-04-01,0.0,,,,,,,,,,,
2019-09-01,3513216.03773787,1786854.59795,1700133.7043410104,41669.1421,76500,-173941.40665314038,32000,50000,0,,2019-05-01,DB UK (EUR),GFT FINANCIAL LTD.,2019-04-01,0.0,,,,,,,,,,,
2019-10-01,3329066.2154057096,1802900.6896,1394397.1351547793,167692.06243589998,74250,-185173.6717849694,30000,45000,0,,2019-05-01,DB UK (EUR),GFT FINANCIAL LTD.,2019-04-01,0.0,,,,,,,,,,,
2019-11-01,2906242.240308856,1561221.5595000002,1203275.446897365,155581.9188282,74250,-156086.6849167093,28000,40000,0,,2019-05-01,DB UK (EUR),GFT FINANCIAL LTD.,2019-04-01,0.0,,,,,,,,,,,
2019-12-01,1890434.085549173,1359990.2019,1056439.818151545,116232.69865150002,0,-698228.6331538721,26000,30000,0,,2019-05-01,DB UK (EUR),GFT FINANCIAL LTD.,2019-04-01,0.0,,,,,,,,,,,
2019-07-01,3879639.526613147,3677987.66092789,347195.77078360005,588.361047248,0,-221132.2661455909,30000,45000,0,,2019-06-01,DB UK (EUR),GFT FINANCIAL LTD.,2019-04-01,0.0,,,,,,,,,,,
2019-08-01,3042176.31908566,2830222.8115116796,310434.9587161999,821.452032752,0,-174302.90317497103,30000,45000,0,,2019-06-01,DB UK (EUR),GFT FINANCIAL LTD.,2019-04-01,0.0,,,,,,,,,,,
2019-09-01,3488317.6920829583,3188470.3282447504,391759.10518690007,2209.188470295,0,-169120.9298189875,30000,45000,0,,2019-06-01,DB UK (EUR),GFT FINANCIAL LTD.,2019-04-01,0.0,,,,,,,,,,,
2019-10-01,3315804.2069555237,2059806.5686249998,1193781.8915920649,114308.92930325,0,-114093.18256479103,30000,32000,0,,2019-06-01,DB UK (EUR),GFT FINANCIAL LTD.,2019-04-01,0.0,,,,,,,,,,,
2019-11-01,2914608.2754079816,1759827.17597,1056068.746224355,120065.57800083101,0,-83353.22478720444,30000,32000,0,,2019-06-01,DB UK (EUR),GFT FINANCIAL LTD.,2019-04-01,0.0,,,,,,,,,,,
2019-12-01,1855209.1336378015,1496476.0776299997,899370.52845408,80564.83758657401,0,-673202.3100328518,20000,32000,0,,2019-06-01,DB UK (EUR),GFT FINANCIAL LTD.,2019-04-01,0.0,,,,,,,,,,,
2019-08-01,2963589.2407707507,3036895.0431004004,24035.456266,5266.8599435999995,0,-162608.11853924976,18000,42000,0,,2019-07-01,DB UK (EUR),GFT FINANCIAL LTD.,2019-04-01,0.0,,,,,,,,,,,
2019-09-01,3542343.987295105,3565935.3326675,43483.803275,43377.32460905,0,-170452.47325644435,18000,42000,0,,2019-07-01,DB UK (EUR),GFT FINANCIAL LTD.,2019-04-01,0.0,,,,,,,,,,,
2019-10-01,3401224.7678555753,2051165.8206,1261278.5950740697,176384.983018764,0,-140604.6308372585,18000,35000,0,,2019-07-01,DB UK (EUR),GFT FINANCIAL LTD.,2019-04-01,0.0,,,,,,,,,,,
2019-11-01,2941667.5740489,1726423.9025,1090227.5095175148,164484.75851500104,0,-92468.59648361593,18000,35000,0,,2019-07-01,DB UK (EUR),GFT FINANCIAL LTD.,2019-04-01,0.0,,,,,,,,,,,
2019-12-01,1887319.9860646385,1486368.0402999998,925327.96466154,98818.04350110101,0,-676194.0623980025,18000,35000,0,,2019-07-01,DB UK (EUR),GFT FINANCIAL LTD.,2019-04-01,0.0,,,,,,,,,,,
2019-09-01,3418386.1390824323,3434056.2161,34760.7,17559.4160928,0,-129990.19311036791,18000,44000,0,,2019-08-01,DB UK (EUR),GFT FINANCIAL LTD.,2019-04-01,0.0,,,,,,,,,,,
2019-10-01,3462867.2246129364,1938760.282,1289624.4171177002,318685.4976804,0,-134202.97218516355,15000,35000,0,,2019-08-01,DB UK (EUR),GFT FINANCIAL LTD.,2019-04-01,0.0,,,,,,,,,,,
2019-11-01,3079585.191351725,1675096.0385760004,1164381.5052731,287293.7212548,0,-97186.07375217533,15000,35000,0,,2019-08-01,DB UK (EUR),GFT FINANCIAL LTD.,2019-04-01,0.0,,,,,,,,,,,
2019-12-01,2025098.63063388,1396719.428836,970992.0343045,232461.18560179998,0,-620074.0181084196,13000,32000,0,,2019-08-01,DB UK (EUR),GFT FINANCIAL LTD.,2019-04-01,0.0,,,,,,,,,,,
2019-10-01,3591606.266473508,3477621.474485999,178939.25199523,0,0,-116954.46000772112,17000,35000,0,,2019-09-01,DB UK (EUR),GFT FINANCIAL LTD.,2019-04-01,0.0,,,,,,,,,,,
2019-11-01,3184487.878963696,2910593.1620719996,322256.59901997,0,0,-100361.8821282737,17000,35000,0,,2019-09-01,DB UK (EUR),GFT FINANCIAL LTD.,2019-04-01,0.0,,,,,,,,,,,
2019-12-01,2128209.4671612293,2445603.147656,269178.86637103,0,0,-634572.5468658007,16000,32000,0,,2019-09-01,DB UK (EUR),GFT FINANCIAL LTD.,2019-04-01,0.0,,,,,,,,,,,
2019-11-01,3367482.77484275,3306396.292267999,55171.732527395,0,0,-64085.24995264433,30000,40000,0,,2019-10-01,DB UK (EUR),GFT FINANCIAL LTD.,2019-04-01,0.0,,,,,,,,,,,
2019-12-01,2338411.5307544507,2741373.6390480003,104552.21881896,0,0,-565514.3271125093,20000,38000,0,,2019-10-01,DB UK (EUR),GFT FINANCIAL LTD.,2019-04-01,0.0,,,,,,,,,,,
2019-12-01,2418286.9522619527,2608316.2036999995,56133,0,0,-312162.25143804663,32000,34000,0,,2019-11-01,DB UK (EUR),GFT FINANCIAL LTD.,2019-04-01,0.0,,,,,,,,,,,
2020-03-01,3177195.096702724,3086525.1981000006,74715,42758.71702,0,-121803.81841727607,35000,60000,0,0,2020-02-01,DB UK (EUR),GFT FINANCIAL LTD.,2020-01-01,0.0,,,,,,,,,,,
2020-04-01,2536629.1153878123,1157386.7587000001,820149.864135,384871.05812016,190929.3624825,-89707.92804984725,20000,53000,0,0,2020-02-01,DB UK (EUR),GFT FINANCIAL LTD.,2020-01-01,0.0,,,,,,,,,,,
2020-05-01,2639523.4060670654,1183015.5074000002,896297.72969,381838.8838481,201830.66311725002,-96459.37798828514,20000,53000,0,0,2020-02-01,DB UK (EUR),GFT FINANCIAL LTD.,2020-01-01,0.0,,,,,,,,,,,
2020-06-01,2769763.163723883,1205832.007,958925.3276499999,421206.94726022996,213997.93197449995,-103199.05016084641,20000,53000,0,0,2020-02-01,DB UK (EUR),GFT FINANCIAL LTD.,2020-01-01,0.0,,,,,,,,,,,
2020-07-01,2680776.107483667,1122690.449,465802.6006649999,905900.6312343699,220980.94933122004,-99098.52274692286,17500,47000,0,0,2020-02-01,DB UK (EUR),GFT FINANCIAL LTD.,2020-01-01,0.0,,,,,,,,,,,
2020-08-01,2173955.3871691986,958126.7882,365559.287815,690636.0418867099,166178.27274671997,-69545.0034792312,16000,47000,0,0,2020-02-01,DB UK (EUR),GFT FINANCIAL LTD.,2020-01-01,0.0,,,,,,,,,,,
2020-09-01,2591892.612683624,1096298.4395,438896.576215,873535.1570267801,212881.86809448,-94219.42815263622,17500,47000,0,0,2020-02-01,DB UK (EUR),GFT FINANCIAL LTD.,2020-01-01,0.0,,,,,,,,,,,
2020-10-01,2601396.2896297406,1140158.0134,458330.129585,818447.512149055,219864.20132586002,-96403.56683017392,16000,45000,0,0,2020-02-01,DB UK (EUR),GFT FINANCIAL LTD.,2020-01-01,0.0,,,,,,,,,,,
2020-11-01,2487353.2684910665,1098528.8054,440102.6625699999,772905.768124035,206794.01842554,-91977.98602850844,16000,45000,0,0,2020-02-01,DB UK (EUR),GFT FINANCIAL LTD.,2020-01-01,0.0,,,,,,,,,,,
2020-12-01,2301234.62765916,1031977.5184,406730.73025,699074.424179595,186921.22036926,-81469.2655396944,13000,45000,0,0,2020-02-01,DB UK (EUR),GFT FINANCIAL LTD.,2020-01-01,0.0,,,,,,,,,,,
2020-04-01,2656581.162836797,1189371.42609328,1277277.6462413503,181324.9055504,0,-41392.81504823307,20000,30000,0,0,2020-03-01,DB UK (EUR),GFT FINANCIAL LTD.,2020-02-01,0.0,,,,,,,,,,,
2020-05-01,2683911.4864809765,1203574.0700664003,1183402.1620367498,223717.4701078,70882.59021900002,-47664.80594897343,20000,30000,0,0,2020-03-01,DB UK (EUR),GFT FINANCIAL LTD.,2020-02-01,0.0,,,,,,,,,,,
2020-06-01,2791372.882117032,1215728.9014178002,1273798.221107,227872.81100789996,76513.51778400001,-52540.56919966801,20000,30000,0,0,2020-03-01,DB UK (EUR),GFT FINANCIAL LTD.,2020-02-01,0.0,,,,,,,,,,,
2020-07-01,2637350.615096598,1073385.479465375,451244.12695724994,883319.8318170852,216848.36952449998,-37447.19266761244,20000,30000,0,0,2020-03-01,DB UK (EUR),GFT FINANCIAL LTD.,2020-02-01,0.0,,,,,,,,,,,
2020-08-01,2106696.4157075845,957060.15706431,251813.33820745995,706880.677833132,164651.07395099997,-23708.831348317595,20000,30000,0,0,2020-03-01,DB UK (EUR),GFT FINANCIAL LTD.,2020-02-01,0.0,,,,,,,,,,,
2020-09-01,2672622.014286081,1057942.858343995,540381.3109671699,872702.3078125541,185369.2750245,-33773.73786213818,20000,30000,0,0,2020-03-01,DB UK (EUR),GFT FINANCIAL LTD.,2020-02-01,0.0,,,,,,,,,,,
2020-10-01,2490686.0599738383,1086015.0043897252,347925.02828935,835964.714155,204210.491268,-33429.17812823689,20000,30000,0,0,2020-03-01,DB UK (EUR),GFT FINANCIAL LTD.,2020-02-01,0.0,,,,,,,,,,,
2020-11-01,2389694.311511769,1047500.8615034,332956.14206939994,799365.3470689348,193220.19361049996,-33348.232740465784,20000,30000,0,0,2020-03-01,DB UK (EUR),GFT FINANCIAL LTD.,2020-02-01,0.0,,,,,,,,,,,
2020-12-01,2390535.6172850784,989165.8833971199,504114.14554092,722456.221597895,156225.93612150004,-27426.569372356753,18000,28000,0,0,2020-03-01,DB UK (EUR),GFT FINANCIAL LTD.,2020-02-01,0.0,,,,,,,,,,,
2019-03-01,484175.96335,480657.29349999997,3518.66985,0,0,0,0,0,0,0,2019-02-01,CU CITI,GFT FINANCIAL LTD.,2019-01-01,0.0,,,,,,,,,,,
2019-04-01,442803.6856000001,425973.29000000004,13272.495599999998,3557.8999999999996,0,0,0,0,0,0,2019-02-01,CU CITI,GFT FINANCIAL LTD.,2019-01-01,0.0,,,,,,,,,,,
2019-05-01,427985.464,305450.32,13126.643999999998,91534.5,17874,0,0,0,0,0,2019-02-01,CU CITI,GFT FINANCIAL LTD.,2019-01-01,0.0,,,,,,,,,,,
2019-06-01,427006.9158,290985.304,12470.311800000001,91331.1,32220.2,0,0,0,0,0,2019-02-01,CU CITI,GFT FINANCIAL LTD.,2019-01-01,0.0,,,,,,,,,,,
2019-07-01,460162.68090000004,54533.792,6964.4139,269188.775,129475.70000000001,0,0,0,0,0,2019-02-01,CU CITI,GFT FINANCIAL LTD.,2019-01-01,0.0,,,,,,,,,,,
2019-08-01,460487.6823,36053.123999999996,6453.933299999999,252129.225,165851.4,0,0,0,0,0,2019-02-01,CU CITI,GFT FINANCIAL LTD.,2019-01-01,0.0,,,,,,,,,,,
2019-09-01,531795.6161,14679.431999999999,6526.8591,258768.325,251821,0,0,0,0,0,2019-02-01,CU CITI,GFT FINANCIAL LTD.,2019-01-01,0.0,,,,,,,,,,,
2019-10-01,607235.0316,0,7438.4316,282710,317086.6,0,0,0,0,0,2019-02-01,CU CITI,GFT FINANCIAL LTD.,2019-01-01,0.0,,,,,,,,,,,
2019-11-01,505144.2,0,0,233049,272095.2,0,0,0,0,0,2019-02-01,CU CITI,GFT FINANCIAL LTD.,2019-01-01,0.0,,,,,,,,,,,
2019-12-01,481054.475,0,0,233881.87499999997,247172.59999999998,0,0,0,0,0,2019-02-01,CU CITI,GFT FINANCIAL LTD.,2019-01-01,0.0,,,,,,,,,,,
2019-03-01,484175.96335,480657.29349999997,3518.66985,0,0,0,0,0,0,0,2019-02-01,CU CITI,GFT FINANCIAL LTD.,2019-01-01,0.0,,,,,,,,,,,
2019-04-01,442803.6856000001,425973.29000000004,13272.495599999998,3557.8999999999996,0,0,0,0,0,0,2019-02-01,CU CITI,GFT FINANCIAL LTD.,2019-01-01,0.0,,,,,,,,,,,
2019-05-01,427985.464,305450.32,13126.643999999998,91534.5,17874,0,0,0,0,0,2019-02-01,CU CITI,GFT FINANCIAL LTD.,2019-01-01,0.0,,,,,,,,,,,
2019-06-01,427006.9158,290985.304,12470.311800000001,91331.1,32220.2,0,0,0,0,0,2019-02-01,CU CITI,GFT FINANCIAL LTD.,2019-01-01,0.0,,,,,,,,,,,
2019-07-01,460162.68090000004,54533.792,6964.4139,269188.775,129475.70000000001,0,0,0,0,0,2019-02-01,CU CITI,GFT FINANCIAL LTD.,2019-01-01,0.0,,,,,,,,,,,
2019-08-01,460487.6823,36053.123999999996,6453.933299999999,252129.225,165851.4,0,0,0,0,0,2019-02-01,CU CITI,GFT FINANCIAL LTD.,2019-01-01,0.0,,,,,,,,,,,
2019-09-01,531795.6161,14679.431999999999,6526.8591,258768.325,251821,0,0,0,0,0,2019-02-01,CU CITI,GFT FINANCIAL LTD.,2019-01-01,0.0,,,,,,,,,,,
2019-10-01,607235.0316,0,7438.4316,282710,317086.6,0,0,0,0,0,2019-02-01,CU CITI,GFT FINANCIAL LTD.,2019-01-01,0.0,,,,,,,,,,,
2019-11-01,505144.2,0,0,233049,272095.2,0,0,0,0,0,2019-02-01,CU CITI,GFT FINANCIAL LTD.,2019-01-01,0.0,,,,,,,,,,,
2019-12-01,481054.475,0,0,233881.87499999997,247172.59999999998,0,0,0,0,0,2019-02-01,CU CITI,GFT FINANCIAL LTD.,2019-01-01,0.0,,,,,,,,,,,
2019-05-01,441487.5900000001,441487.5900000001,0,0,0,0,0,0,0,0,2019-04-01,CU CITI,GFT FINANCIAL LTD.,2019-01-01,0.0,,,,,,,,,,,
2019-06-01,414968.01860000007,414968.01860000007,0,0,0,0,0,0,0,0,2019-04-01,CU CITI,GFT FINANCIAL LTD.,2019-01-01,0.0,,,,,,,,,,,
2019-07-01,487762.5749500001,207369.98650000006,210714.43745,69678.151,0,0,0,0,0,0,2019-04-01,CU CITI,GFT FINANCIAL LTD.,2019-01-01,0.0,,,,,,,,,,,
2019-08-01,480043.43669999996,175298.316,198652.07369999998,106093.04699999999,0,0,0,0,0,0,2019-04-01,CU CITI,GFT FINANCIAL LTD.,2019-01-01,0.0,,,,,,,,,,,
2019-09-01,524068.25379999995,137037.9549,200896.72989999995,110544.169,75589.4,0,0,0,0,0,2019-04-01,CU CITI,GFT FINANCIAL LTD.,2019-01-01,0.0,,,,,,,,,,,
2019-10-01,615927.9764,141542.266,235518.21639999998,110538.69399999999,128328.79999999999,0,0,0,0,0,2019-04-01,CU CITI,GFT FINANCIAL LTD.,2019-01-01,0.0,,,,,,,,,,,
2019-11-01,553203.3428,109863.93600000002,190318.15879999995,96925.248,156096,0,0,0,0,0,2019-04-01,CU CITI,GFT FINANCIAL LTD.,2019-01-01,0.0,,,,,,,,,,,
2019-12-01,532292.0548999999,110517.88799999999,180459.60789999994,83236.559,158078,0,0,0,0,0,2019-04-01,CU CITI,GFT FINANCIAL LTD.,2019-01-01,0.0,,,,,,,,,,,
2019-06-01,425591.0045,410591.0045,15000,0,0,0,0,0,0,0,2019-05-01,CU CITI,GFT FINANCIAL LTD.,2019-01-01,0.0,,,,,,,,,,,
2019-07-01,443904.24110000004,182419.22950000002,207356.5666,28916.445,25212.000000000004,0,0,0,0,0,2019-05-01,CU CITI,GFT FINANCIAL LTD.,2019-01-01,0.0,,,,,,,,,,,
2019-08-01,393387.2202,172892.71500000003,187856.59019999998,26796.915,5841,0,0,0,0,0,2019-05-01,CU CITI,GFT FINANCIAL LTD.,2019-01-01,0.0,,,,,,,,,,,
2019-09-01,449206.48059999995,139713.0502,184548.97539999997,43124.455,81820,0,0,0,0,0,2019-05-01,CU CITI,GFT FINANCIAL LTD.,2019-01-01,0.0,,,,,,,,,,,
2019-10-01,542328.6924,149581.572,208828.79039999997,49384.33,134534,0,0,0,0,0,2019-05-01,CU CITI,GFT FINANCIAL LTD.,2019-01-01,0.0,,,,,,,,,,,
2019-11-01,514854.0408,123184.82400000001,173865.8568,41511.36,176292,0,0,0,0,0,2019-05-01,CU CITI,GFT FINANCIAL LTD.,2019-01-01,0.0,,,,,,,,,,,
2019-12-01,433946.01839999994,117464.46399999999,174837.04939999996,39720.50499999999,101924,0,0,0,0,0,2019-05-01,CU CITI,GFT FINANCIAL LTD.,2019-01-01,0.0,,,,,,,,,,,
2019-07-01,489424.498,230915.57950000002,258508.9185,0,0,0,0,0,0,0,2019-06-01,CU CITI,GFT FINANCIAL LTD.,2019-01-01,0.0,,,,,,,,,,,
2019-08-01,482515.7415,225180.3795,244015.36199999996,13320,0,0,0,0,0,0,2019-06-01,CU CITI,GFT FINANCIAL LTD.,2019-01-01,0.0,,,,,,,,,,,
2019-09-01,462586.64,168491.17849999995,246619.374,47476.087499999994,0,0,0,0,0,0,2019-06-01,CU CITI,GFT FINANCIAL LTD.,2019-01-01,0.0,,,,,,,,,,,
2019-10-01,566677.0719999999,184000.248,279169.524,103507.29999999999,0,0,0,0,0,0,2019-06-01,CU CITI,GFT FINANCIAL LTD.,2019-01-01,0.0,,,,,,,,,,,
2019-11-01,471223.524,151529.616,232297.30800000002,87396.6,0,0,0,0,0,0,2019-06-01,CU CITI,GFT FINANCIAL LTD.,2019-01-01,0.0,,,,,,,,,,,
2019-12-01,455517.198,146043.20899999997,233599.314,75874.67499999999,0,0,0,0,0,0,2019-06-01,CU CITI,GFT FINANCIAL LTD.,2019-01-01,0.0,,,,,,,,,,,
2019-10-01,527459.07,430688.87399999995,0,96770.196,0,0,0,0,0,0,2019-09-01,CU CITI,GFT FINANCIAL LTD.,2019-01-01,23887.5,,,,,,,,,,,
2019-11-01,483917.577,343614.648,6011.732999999999,134291.196,0,0,0,0,0,0,2019-09-01,CU CITI,GFT FINANCIAL LTD.,2019-01-01,23887.5,,,,,,,,,,,
2019-12-01,497453.855125,345575.009,6047.517124999998,145831.329,0,0,0,0,0,0,2019-09-01,CU CITI,GFT FINANCIAL LTD.,2019-01-01,23887.5,,,,,,,,,,,
2020-01-01,382181.8113033001,99756.88200000001,0,282424.92930330004,0,0,0,0,0,0,2019-09-01,CU CITI,GFT FINANCIAL LTD.,2019-01-01,23887.5,,,,,,,,,,,
2020-02-01,306124.01830660005,81465.04800000001,0,224658.9703066,0,0,0,0,0,0,2019-09-01,CU CITI,GFT FINANCIAL LTD.,2019-01-01,23887.5,,,,,,,,,,,
2020-03-01,343191.2989401,91347.99600000001,0,251843.30294010002,0,0,0,0,0,0,2019-09-01,CU CITI,GFT FINANCIAL LTD.,2019-01-01,23887.5,,,,,,,,,,,
2019-11-01,488027.19600000005,481699.05600000004,6328.139999999999,0,0,0,0,0,0,0,2019-10-01,CU CITI,GFT FINANCIAL LTD.,2019-01-01,0.0,,,,,,,,,,,
2019-12-01,494657.9364999999,488292.1289999999,6365.807499999998,0,0,0,0,0,0,0,2019-10-01,CU CITI,GFT FINANCIAL LTD.,2019-01-01,0.0,,,,,,,,,,,
2020-01-01,476939.2473375,273934.5012,184801.06350000002,18203.682637500002,0,0,0,0,0,0,2019-10-01,CU CITI,GFT FINANCIAL LTD.,2019-01-01,0.0,,,,,,,,,,,
2020-02-01,476352.6327,255065.22720000002,181789.9902,39497.41529999999,0,0,0,0,0,0,2019-10-01,CU CITI,GFT FINANCIAL LTD.,2019-01-01,0.0,,,,,,,,,,,
2020-03-01,534305.61955,286165.3698,203843.8779,44296.37185,0,0,0,0,0,0,2019-10-01,CU CITI,GFT FINANCIAL LTD.,2019-01-01,0.0,,,,,,,,,,,
2019-12-01,500476.08259999997,500476.08259999997,0,0,0,0,0,0,0,0,2019-11-01,CU CITI,GFT FINANCIAL LTD.,2019-01-01,0.0,,,,,,,,,,,
2020-01-01,551695.40331,271444.536,256490.86731,23760.000000000004,0,0,0,0,0,0,2019-11-01,CU CITI,GFT FINANCIAL LTD.,2019-01-01,0.0,,,,,,,,,,,
2020-02-01,566824.12572,252737.4528,257472.43452,56614.2384,0,0,0,0,0,0,2019-11-01,CU CITI,GFT FINANCIAL LTD.,2019-01-01,0.0,,,,,,,,,,,
2020-03-01,610580.5717399999,283398.3456,288707.75253999996,38474.4736,0,0,0,0,0,0,2019-11-01,CU CITI,GFT FINANCIAL LTD.,2019-01-01,0.0,,,,,,,,,,,
2020-02-01,625185.792,464822.1396,160363.65240000002,0,0,0,0,0,0,0,2020-01-01,CU CITI,GFT FINANCIAL LTD.,2020-01-01,0.0,,,,,,,,,,,
2020-03-01,711963.7145,525375.2163,164556.74300000002,22031.7552,0,0,0,0,0,0,2020-01-01,CU CITI,GFT FINANCIAL LTD.,2020-01-01,0.0,,,,,,,,,,,
2020-04-01,624825.0887999999,428598.62899999996,152160.9115,44065.548299999995,0,0,0,0,0,0,2020-01-01,CU CITI,GFT FINANCIAL LTD.,2020-01-01,0.0,,,,,,,,,,,
2020-05-01,494989.38,301026.60000000003,149748.30000000002,44214.479999999996,0,0,0,0,0,0,2020-01-01,CU CITI,GFT FINANCIAL LTD.,2020-01-01,0.0,,,,,,,,,,,
2020-06-01,430263.0175,238994.16499999998,147668.46250000002,43600.39,0,0,0,0,0,0,2020-01-01,CU CITI,GFT FINANCIAL LTD.,2020-01-01,0.0,,,,,,,,,,,
2020-07-01,446274.0975,115244.16749999998,0,169329.93,161700,0,0,0,0,0,2020-01-01,CU CITI,GFT FINANCIAL LTD.,2020-01-01,0.0,,,,,,,,,,,
2020-08-01,372223.10049999994,40690.0865,0,170033.014,161499.99999999997,0,0,0,0,0,2020-01-01,CU CITI,GFT FINANCIAL LTD.,2020-01-01,0.0,,,,,,,,,,,
2020-09-01,436755.41370000003,48450.1773,0,196005.23640000005,192300,0,0,0,0,0,2020-01-01,CU CITI,GFT FINANCIAL LTD.,2020-01-01,0.0,,,,,,,,,,,
2020-10-01,442831.13289999997,49861.1029,0,195070.03,197900,0,0,0,0,0,2020-01-01,CU CITI,GFT FINANCIAL LTD.,2020-01-01,0.0,,,,,,,,,,,
2020-11-01,399420.70350000006,44973.253500000006,0,175947.44999999998,178500.00000000003,0,0,0,0,0,2020-01-01,CU CITI,GFT FINANCIAL LTD.,2020-01-01,0.0,,,,,,,,,,,
2020-12-01,380400.67,42831.67,0,167569,170000,0,0,0,0,0,2020-01-01,CU CITI,GFT FINANCIAL LTD.,2020-01-01,0.0,,,,,,,,,,,
2020-03-01,697227.2079999999,674025.8613999999,9446.3346,13755.012,0,0,0,0,0,0,2020-02-01,CU CITI,GFT FINANCIAL LTD.,2020-01-01,0.0,,,,,,,,,,,
2020-04-01,640638.234,585851.0877,42068.28029999999,12718.866,0,0,0,0,0,0,2020-02-01,CU CITI,GFT FINANCIAL LTD.,2020-01-01,0.0,,,,,,,,,,,
2020-05-01,520430.94000000006,413403.48000000004,94510.26000000001,12517.199999999999,0,0,0,0,0,0,2020-02-01,CU CITI,GFT FINANCIAL LTD.,2020-01-01,0.0,,,,,,,,,,,
2020-06-01,492972.78849999997,360185.571,120443.8675,12343.35,0,0,0,0,0,0,2020-02-01,CU CITI,GFT FINANCIAL LTD.,2020-01-01,0.0,,,,,,,,,,,
2020-07-01,557144.87178585,121202.04250000001,250971.00875,61771.82053585,123200,0,0,0,0,0,2020-02-01,CU CITI,GFT FINANCIAL LTD.,2020-01-01,0.0,,,,,,,,,,,
2020-08-01,466894.1744,40690.0865,210554.89825000003,67069.18964999999,148580,0,0,0,0,0,2020-02-01,CU CITI,GFT FINANCIAL LTD.,2020-01-01,0.0,,,,,,,,,,,
2020-09-01,562164.10838585,48450.1773,241526.58855000001,79887.34253585001,192300,0,0,0,0,0,2020-02-01,CU CITI,GFT FINANCIAL LTD.,2020-01-01,0.0,,,,,,,,,,,
2020-10-01,578506.93994,49861.1029,248560.12415,82185.71289,197900,0,0,0,0,0,2020-02-01,CU CITI,GFT FINANCIAL LTD.,2020-01-01,0.0,,,,,,,,,,,
2020-11-01,521796.3051,44973.253500000006,224193.94725000003,74129.10435000001,178500.00000000003,0,0,0,0,0,2020-02-01,CU CITI,GFT FINANCIAL LTD.,2020-01-01,0.0,,,,,,,,,,,
2020-12-01,496948.86199999996,42831.67,213518.04499999998,70599.147,170000,0,0,0,0,0,2020-02-01,CU CITI,GFT FINANCIAL LTD.,2020-01-01,0.0,,,,,,,,,,,
2020-04-01,566029.3406124999,504908.61879999994,38898.371812499994,22222.35,0,0,0,0,0,0,2020-03-01,CU CITI,GFT FINANCIAL LTD.,2020-01-01,0.0,,,,,,,,,,,
2020-05-01,565764.3269999999,444695.292,79325.95499999999,41743.08,0,0,0,0,0,0,2020-03-01,CU CITI,GFT FINANCIAL LTD.,2020-01-01,0.0,,,,,,,,,,,
2020-06-01,548967.518125,397176.485,106474.218125,45316.815,0,0,0,0,0,0,2020-03-01,CU CITI,GFT FINANCIAL LTD.,2020-01-01,0.0,,,,,,,,,,,
2020-07-01,606077.3853750001,160770.8025,119273.914375,264432.6685,61600,0,0,0,0,0,2020-03-01,CU CITI,GFT FINANCIAL LTD.,2020-01-01,0.0,,,,,,,,,,,
2020-08-01,492138.61892499996,134880.43949999998,100066.16712499999,199052.01229999997,58140,0,0,0,0,0,2020-03-01,CU CITI,GFT FINANCIAL LTD.,2020-01-01,0.0,,,,,,,,,,,
2020-09-01,588565.6295100001,63287.2761,111954.46395,274867.88946000003,138456,0,0,0,0,0,2020-03-01,CU CITI,GFT FINANCIAL LTD.,2020-01-01,0.0,,,,,,,,,,,
2020-10-01,602912.6803799999,65130.275299999994,80758.0425,282872.36257999996,174152,0,0,0,0,0,2020-03-01,CU CITI,GFT FINANCIAL LTD.,2020-01-01,0.0,,,,,,,,,,,
2020-11-01,539672.8302,58745.599500000004,55120.8,254446.43070000003,171360,0,0,0,0,0,2020-03-01,CU CITI,GFT FINANCIAL LTD.,2020-01-01,0.0,,,,,,,,,,,
2020-12-01,418111.124,55948.189999999995,52496,241666.934,68000,0,0,0,0,0,2020-03-01,CU CITI,GFT FINANCIAL LTD.,2020-01-01,0.0,,,,,,,,,,,
2019-04-01,842329.811543,657515.243888,145950.11870499997,44022.48575,0,0,0,0,0,-5158.0368,2019-03-01,CU FS EMC,GFT FINANCIAL LTD.,2019-01-01,0.0,,,,,,,,,,,
2019-05-01,1089643.6843,513430.62999999995,274380.31859999994,304927.7725,0,0,0,0,0,-3095.0368,2019-03-01,CU FS EMC,GFT FINANCIAL LTD.,2019-01-01,0.0,,,,,,,,,,,
2019-06-01,1304929.3530941508,420454.835,304743.45479999995,478750.207294151,103740,0,0,0,0,-2759.1440000000002,2019-03-01,CU FS EMC,GFT FINANCIAL LTD.,2019-01-01,0.0,,,,,,,,,,,
2019-07-01,1771898.764525085,334919.93499999994,154720.86544999998,736488.447275085,549032.5,0,0,0,0,-3262.9832,2019-03-01,CU FS EMC,GFT FINANCIAL LTD.,2019-01-01,0.0,,,,,,,,,,,
2019-08-01,1590934.7549072271,304085.181,87878.964,582636.5067072269,619357.14,0,0,0,0,-3023.0368,2019-03-01,CU FS EMC,GFT FINANCIAL LTD.,2019-01-01,0.0,,,,,,,,,,,
2019-09-01,1774375.398457155,309625.58900000004,37363.5,576073.371257155,854367.975,0,0,0,0,-3055.0368,2019-03-01,CU FS EMC,GFT FINANCIAL LTD.,2019-01-01,0.0,,,,,,,,,,,
2019-10-01,2174405.185056,266099.515,1149.5,615643.359656,1295375.58,0,0,0,0,-3862.7696,2019-03-01,CU FS EMC,GFT FINANCIAL LTD.,2019-01-01,0.0,,,,,,,,,,,
2019-11-01,2009242.878878,251185.00199999998,1054.5,471856.442478,1287618.72,0,0,0,0,-2471.7856,2019-03-01,CU FS EMC,GFT FINANCIAL LTD.,2019-01-01,0.0,,,,,,,,,,,
2019-12-01,1636561.653738,223261.20500000002,997.4999999999999,385787.728738,1027907.22,0,0,0,0,-1392,2019-03-01,CU FS EMC,GFT FINANCIAL LTD.,2019-01-01,0.0,,,,,,,,,,,
2019-05-01,1020281.374261,907759.804436,42501.75,73114.85662499999,0,0,0,0,0,-3095.0368,2019-04-01,CU FS EMC,GFT FINANCIAL LTD.,2019-01-01,-53320.5392,,,,,,,,,,,
2019-06-01,1036633.2711944,707734.262752,65436.36,174394.7924424,91827,0,0,0,0,-2759.1440000000002,2019-04-01,CU FS EMC,GFT FINANCIAL LTD.,2019-01-01,-53320.5392,,,,,,,,,,,
2019-07-01,1357635.22561135,609241.415061,160236.09499999997,377465.69875035,213955,0,0,0,0,-3262.9832,2019-04-01,CU FS EMC,GFT FINANCIAL LTD.,2019-01-01,-53320.5392,,,,,,,,,,,
2019-08-01,1535241.21252272,482741.0265000001,131753.325,380293.2578227199,543476.64,0,0,0,0,-3023.0368,2019-04-01,CU FS EMC,GFT FINANCIAL LTD.,2019-01-01,-53320.5392,,,,,,,,,,,
2019-09-01,1884406.68555596,386234.661375,27214.485,637097.10098096,836915.475,0,0,0,0,-3055.0368,2019-04-01,CU FS EMC,GFT FINANCIAL LTD.,2019-01-01,-53320.5392,,,,,,,,,,,
2019-10-01,2383253.1555509,308169.94625,25259.265,742421.1339009001,1311265.58,0,0,0,0,-3862.7696,2019-04-01,CU FS EMC,GFT FINANCIAL LTD.,2019-01-01,-53320.5392,,,,,,,,,,,
2019-11-01,2322377.918794,290415.49199999997,18719.114999999994,647636.377394,1368078.7200000002,0,0,0,0,-2471.7856,2019-04-01,CU FS EMC,GFT FINANCIAL LTD.,2019-01-01,-53320.5392,,,,,,,,,,,
2019-12-01,1795752.1720939998,255577.6075,17844.39,527867.4545939999,995854.72,0,0,0,0,-1392,2019-04-01,CU FS EMC,GFT FINANCIAL LTD.,2019-01-01,-53320.5392,,,,,,,,,,,
2019-06-01,1075746.934918,930302.7819180001,133478.297,14725,0,0,0,0,0,-2759.1440000000002,2019-05-01,CU FS EMC,GFT FINANCIAL LTD.,2019-01-01,0.0,,,,,,,,,,,
2019-07-01,1378726.6893360002,967426.4085360002,208726.00600000002,138987.258,66850,0,0,0,0,-3262.9832,2019-05-01,CU FS EMC,GFT FINANCIAL LTD.,2019-01-01,0.0,,,,,,,,,,,
2019-08-01,1521948.4686680003,899335.168496,184268.78399999999,215767.55297200003,225600,0,0,0,0,-3023.0368,2019-05-01,CU FS EMC,GFT FINANCIAL LTD.,2019-01-01,0.0,,,,,,,,,,,
2019-09-01,1894877.7986850003,814786.493785,104894.468,429561.8737,548690,0,0,0,0,-3055.0368,2019-05-01,CU FS EMC,GFT FINANCIAL LTD.,2019-01-01,0.0,,,,,,,,,,,
2019-10-01,2373605.9888385,683511.109,122105.01799999998,620682.6314384999,951170,0,0,0,0,-3862.7696,2019-05-01,CU FS EMC,GFT FINANCIAL LTD.,2019-01-01,0.0,,,,,,,,,,,
2019-11-01,2286861.879594,599873.4480000001,109656.456,512883.761194,1066920,0,0,0,0,-2471.7856,2019-05-01,CU FS EMC,GFT FINANCIAL LTD.,2019-01-01,0.0,,,,,,,,,,,
2019-12-01,1754841.522604,542247.944,88283.048,387387.530604,738315,0,0,0,0,-1392,2019-05-01,CU FS EMC,GFT FINANCIAL LTD.,2019-01-01,0.0,,,,,,,,,,,
2019-07-01,1129293.3089949999,924916.7030949999,156705.87175,55353.63575000001,0,0,0,0,0,-7682.9016,2019-06-01,CU FS EMC,GFT FINANCIAL LTD.,2019-01-01,-77820.428,,,,,,,,,,,
2019-08-01,1139034.68049,791477.3158399999,176505.81209999998,141335.37175,36960,0,0,0,0,-7243.819200000001,2019-06-01,CU FS EMC,GFT FINANCIAL LTD.,2019-01-01,-77820.428,,,,,,,,,,,
2019-09-01,1659102.157325,840987.8989,172379.069325,556581.5427000001,96060,0,0,0,0,-6906.3536,2019-06-01,CU FS EMC,GFT FINANCIAL LTD.,2019-01-01,-77820.428,,,,,,,,,,,
2019-10-01,2316723.8962635,789626.3936349999,240371.5862,898376.2756285002,396850,0,0,0,0,-8500.3592,2019-06-01,CU FS EMC,GFT FINANCIAL LTD.,2019-01-01,-77820.428,,,,,,,,,,,
2019-11-01,2487540.579905,662410.8200000001,217381.7004,847494.7003050001,766000,0,0,0,0,-5746.6408,2019-06-01,CU FS EMC,GFT FINANCIAL LTD.,2019-01-01,-77820.428,,,,,,,,,,,
2019-12-01,2039320.260015,618280.04,171646.35695,715901.2894649998,538980,0,0,0,0,-5487.4264,2019-06-01,CU FS EMC,GFT FINANCIAL LTD.,2019-01-01,-77820.428,,,,,,,,,,,
2019-08-01,984426.3411000002,966591.0411000001,12369,5466.299999999999,0,0,0,0,0,0,2019-07-01,CU FS EMC,GFT FINANCIAL LTD.,2019-01-01,0.0,,,,,,,,,,,
2019-09-01,1361199.7588491,1015985.1639749999,56005.36212499999,249169.23274910005,40040,0,0,0,0,0,2019-07-01,CU FS EMC,GFT FINANCIAL LTD.,2019-01-01,0.0,,,,,,,,,,,
2019-10-01,2137471.752436325,1013794.6276624999,209137.27024999997,590039.854523825,324500,0,0,0,0,0,2019-07-01,CU FS EMC,GFT FINANCIAL LTD.,2019-01-01,0.0,,,,,,,,,,,
2019-11-01,2257685.82175955,767200.6264,210103.61579999997,762821.5795595502,517560,0,0,0,0,0,2019-07-01,CU FS EMC,GFT FINANCIAL LTD.,2019-01-01,0.0,,,,,,,,,,,
2019-12-01,1946817.8970524,660215.2968,116065.29644999998,659362.3038024,511175,0,0,0,0,0,2019-07-01,CU FS EMC,GFT FINANCIAL LTD.,2019-01-01,0.0,,,,,,,,,,,
2019-10-01,1348963.2761358689,1146260.2273,152163.1571675,50539.891668369,0,0,0,0,0,0,2019-09-01,CU FS EMC,GFT FINANCIAL LTD.,2019-01-01,0.0,,,,,,,,,,,
2019-11-01,1417230.5726386502,874141.9469000001,211988.4430275,331100.18271115003,0,0,0,0,0,0,2019-09-01,CU FS EMC,GFT FINANCIAL LTD.,2019-01-01,0.0,,,,,,,,,,,
2019-12-01,1162844.2455835752,748545.3223000001,125859.193319375,288439.72996419994,0,0,0,0,0,0,2019-09-01,CU FS EMC,GFT FINANCIAL LTD.,2019-01-01,0.0,,,,,,,,,,,
2020-01-01,1462124.269648325,614780.4595524999,177179.73852,670164.071575825,0,0,0,0,0,0,2019-09-01,CU FS EMC,GFT FINANCIAL LTD.,2019-01-01,0.0,,,,,,,,,,,
2020-02-01,1301497.22679065,521559.83066,74115,705822.3961306501,0,0,0,0,0,0,2019-09-01,CU FS EMC,GFT FINANCIAL LTD.,2019-01-01,0.0,,,,,,,,,,,
2020-03-01,1405152.5145333502,533612.53737,80190,791349.9771633501,0,0,0,0,0,0,2019-09-01,CU FS EMC,GFT FINANCIAL LTD.,2019-01-01,0.0,,,,,,,,,,,
2019-11-01,1230777.228722,1156799.488022,73977.7407,0,0,0,0,0,0,0,2019-10-01,CU FS EMC,GFT FINANCIAL LTD.,2019-01-01,0.0,,,,,,,,,,,
2019-12-01,1096741.0471329999,961765.380683,122660.28644999999,12315.38,0,0,0,0,0,0,2019-10-01,CU FS EMC,GFT FINANCIAL LTD.,2019-01-01,0.0,,,,,,,,,,,
2020-01-01,1402215.37029025,761549.747904,293133.362455,347532.25993125,0,0,0,0,0,0,2019-10-01,CU FS EMC,GFT FINANCIAL LTD.,2019-01-01,0.0,,,,,,,,,,,
2020-02-01,1285102.5593845,511434.527,277888.0915,495779.9408845,0,0,0,0,0,0,2019-10-01,CU FS EMC,GFT FINANCIAL LTD.,2019-01-01,0.0,,,,,,,,,,,
2020-03-01,1452152.08229344,551583.711,300349.42180999997,600218.9494834399,0,0,0,0,0,0,2019-10-01,CU FS EMC,GFT FINANCIAL LTD.,2019-01-01,0.0,,,,,,,,,,,
2019-12-01,999214.16328875,954407.6378137501,36607.474474999995,8199.051,0,0,0,0,0,0,2019-11-01,CU FS EMC,GFT FINANCIAL LTD.,2019-01-01,0.0,,,,,,,,,,,
2020-01-01,1212862.4266640001,782461.1301500001,267665.61333275004,162735.68318125,0,0,0,0,0,0,2019-11-01,CU FS EMC,GFT FINANCIAL LTD.,2019-01-01,0.0,,,,,,,,,,,
2020-02-01,1134926.496811,582629.3027,305940.966161,246356.22795000006,0,0,0,0,0,0,2019-11-01,CU FS EMC,GFT FINANCIAL LTD.,2019-01-01,0.0,,,,,,,,,,,
2020-03-01,1239924.01465,571101.0302,331234.40654999996,337588.5779,0,0,0,0,0,0,2019-11-01,CU FS EMC,GFT FINANCIAL LTD.,2019-01-01,0.0,,,,,,,,,,,
2020-02-01,972505.7503451001,464442.26560000004,341918.0845475,166145.4001976,0,0,0,0,0,0,2020-01-01,CU FS EMC,GFT FINANCIAL LTD.,2019-01-01,0.0,,,,,,,,,,,
2020-03-01,1089144.9019285,460174.6688,357192.31385125,271777.91927725,0,0,0,0,0,0,2020-01-01,CU FS EMC,GFT FINANCIAL LTD.,2019-01-01,0.0,,,,,,,,,,,
2020-04-01,855118.802823705,260533.81600000002,269805.82894000004,287349.587383705,37429.570499999994,0,0,0,0,0,2020-01-01,CU FS EMC,GFT FINANCIAL LTD.,2019-01-01,0.0,,,,,,,,,,,
2020-05-01,987990.515609275,154187.64,212074.75799999997,330989.59760927496,290738.52,0,0,0,0,0,2020-01-01,CU FS EMC,GFT FINANCIAL LTD.,2019-01-01,0.0,,,,,,,,,,,
2020-06-01,1189304.819007725,119487.51,219041.179,334741.647507725,516034.4825,0,0,0,0,0,2020-01-01,CU FS EMC,GFT FINANCIAL LTD.,2019-01-01,0.0,,,,,,,,,,,
2020-07-01,1262308.81992237,66300,140459.9805,312529.53192236996,743019.3075,0,0,0,0,0,2020-01-01,CU FS EMC,GFT FINANCIAL LTD.,2019-01-01,0.0,,,,,,,,,,,
2020-08-01,1025024.06122478,54400,117236.50815000001,163886.28507478,689501.268,0,0,0,0,0,2020-01-01,CU FS EMC,GFT FINANCIAL LTD.,2019-01-01,0.0,,,,,,,,,,,
2020-09-01,1583412.2487094349,62900,69997.27863,192140.43687943465,1258374.5332000002,0,0,0,0,0,2020-01-01,CU FS EMC,GFT FINANCIAL LTD.,2019-01-01,0.0,,,,,,,,,,,
2020-10-01,1801289.06546297,71400,73212.43599,187650.08587297003,1469026.5436,0,0,0,0,0,2020-01-01,CU FS EMC,GFT FINANCIAL LTD.,2019-01-01,0.0,,,,,,,,,,,
2020-11-01,1805118.71842707,67919,66670.64085,175481.30157706997,1495047.776,0,0,0,0,0,2020-01-01,CU FS EMC,GFT FINANCIAL LTD.,2019-01-01,0.0,,,,,,,,,,,
2020-12-01,1525614.47762407,51000,61067.277,157878.68062407002,1255668.52,0,0,0,0,0,2020-01-01,CU FS EMC,GFT FINANCIAL LTD.,2019-01-01,0.0,,,,,,,,,,,
2020-03-01,1129507.57384275,987531.36912125,85994.18122150001,55982.0235,0,0,0,0,0,0,2020-02-01,CU FS EMC,GFT FINANCIAL LTD.,2019-01-01,0.0,,,,,,,,,,,
2020-04-01,928596.2036484999,577378.8975749998,76439.20737125,274778.09870225,0,0,0,0,0,0,2020-02-01,CU FS EMC,GFT FINANCIAL LTD.,2019-01-01,0.0,,,,,,,,,,,
2020-05-01,1025979.05703035,446234.4089999999,81937.125,355166.16303035,142641.36,0,0,0,0,0,2020-02-01,CU FS EMC,GFT FINANCIAL LTD.,2019-01-01,0.0,,,,,,,,,,,
2020-06-01,1251840.853625,385752.32412500004,83322.44312499999,388488.35637500003,394277.73,0,0,0,0,0,2020-02-01,CU FS EMC,GFT FINANCIAL LTD.,2019-01-01,0.0,,,,,,,,,,,
2020-07-01,1330834.9109375,272798.43849999993,67726.958125,317800.49431250006,672509.02,0,0,0,0,0,2020-02-01,CU FS EMC,GFT FINANCIAL LTD.,2019-01-01,0.0,,,,,,,,,,,
2020-08-01,1108742.9223500001,196777.3225,33231.087875,241876.515975,636857.996,0,0,0,0,0,2020-02-01,CU FS EMC,GFT FINANCIAL LTD.,2019-01-01,0.0,,,,,,,,,,,
2020-09-01,1465815.5851775003,231093.4764,39568.657575,257929.56200250002,937223.8892000001,0,0,0,0,0,2020-02-01,CU FS EMC,GFT FINANCIAL LTD.,2019-01-01,0.0,,,,,,,,,,,
2020-10-01,1629462.6523825,239647.13794999997,40720.942975,247737.01985750004,1101357.5516,0,0,0,0,0,2020-02-01,CU FS EMC,GFT FINANCIAL LTD.,2019-01-01,0.0,,,,,,,,,,,
2020-11-01,1585939.587675,212694.2955,36729.097125,227093.33104999998,1109422.864,0,0,0,0,0,2020-02-01,CU FS EMC,GFT FINANCIAL LTD.,2019-01-01,0.0,,,,,,,,,,,
2020-12-01,1320704.4358,182753.41090000002,34980.0925,175537.2524,927433.68,0,0,0,0,0,2020-02-01,CU FS EMC,GFT FINANCIAL LTD.,2019-01-01,0.0,,,,,,,,,,,
2020-04-01,871211.3621112499,632812.6057,187346.92841125,51051.828,0,0,0,0,0,0,2020-03-01,CU FS EMC,GFT FINANCIAL LTD.,2019-01-01,0.0,,,,,,,,,,,
2020-05-01,954280.49834245,435428.81999999995,198407.63940625,216723.3589362,103720.68,0,0,0,0,0,2020-03-01,CU FS EMC,GFT FINANCIAL LTD.,2019-01-01,0.0,,,,,,,,,,,
2020-06-01,1220958.2781227499,407810.74,203217.763875,255230.90924775,354698.865,0,0,0,0,0,2020-03-01,CU FS EMC,GFT FINANCIAL LTD.,2019-01-01,0.0,,,,,,,,,,,
2020-07-01,1309881.1614929,280053.16000000003,164601.06375,276307.4277429,588919.51,0,0,0,0,0,2020-03-01,CU FS EMC,GFT FINANCIAL LTD.,2019-01-01,0.0,,,,,,,,,,,
2020-08-01,1143550.8313250002,201201.96800000002,146352.71474999998,228773.65057499998,567222.498,0,0,0,0,0,2020-03-01,CU FS EMC,GFT FINANCIAL LTD.,2019-01-01,0.0,,,,,,,,,,,
2020-09-01,1521310.3098125001,236308.8136,161172.49545,268765.5311625,855063.4696000001,0,0,0,0,0,2020-03-01,CU FS EMC,GFT FINANCIAL LTD.,2019-01-01,0.0,,,,,,,,,,,
2020-10-01,1716610.8174075,254803.01279999997,170795.62034999998,276894.5834575,1014117.6008,0,0,0,0,0,2020-03-01,CU FS EMC,GFT FINANCIAL LTD.,2019-01-01,0.0,,,,,,,,,,,
2020-11-01,1644610.8243,216844.112,163407.69525,235074.33505000002,1029284.682,0,0,0,0,0,2020-03-01,CU FS EMC,GFT FINANCIAL LTD.,2019-01-01,0.0,,,,,,,,,,,
2020-12-01,1374100.0174,186447.84,144718.23,186277.1074,856656.84,0,0,0,0,0,2020-03-01,CU FS EMC,GFT FINANCIAL LTD.,2019-01-01,0.0,,,,,,,,,,,
2019-02-01,0,0,0,0,0,0,0,0,0,0,2019-01-01,CU RBS,GFT FINANCIAL LTD.,2019-01-01,0.0,,,,,,,,,,,
2019-03-01,20641.125,0,0,20641.125,0,0,0,0,0,0,2019-01-01,CU RBS,GFT FINANCIAL LTD.,2019-01-01,0.0,,,,,,,,,,,
2019-04-01,73636.80819999998,0,0,73636.80819999998,0,0,0,0,0,0,2019-01-01,CU RBS,GFT FINANCIAL LTD.,2019-01-01,0.0,,,,,,,,,,,
2019-05-01,167964.36299999995,0,0,77564.13299999999,90400.22999999998,0,0,0,0,0,2019-01-01,CU RBS,GFT FINANCIAL LTD.,2019-01-01,0.0,,,,,,,,,,,
2019-06-01,198868.57509999996,0,0,109590.84309999998,89277.73199999999,0,0,0,0,0,2019-01-01,CU RBS,GFT FINANCIAL LTD.,2019-01-01,0.0,,,,,,,,,,,
2019-07-01,323817.38099999994,0,0,133120.37699999998,190697.004,0,0,0,0,0,2019-01-01,CU RBS,GFT FINANCIAL LTD.,2019-01-01,0.0,,,,,,,,,,,
2019-08-01,280588.539,0,0,116272.263,164316.276,0,0,0,0,0,2019-01-01,CU RBS,GFT FINANCIAL LTD.,2019-01-01,0.0,,,,,,,,,,,
2019-09-01,428252.13499999995,0,0,121987.163,306264.97199999995,0,0,0,0,0,2019-01-01,CU RBS,GFT FINANCIAL LTD.,2019-01-01,0.0,,,,,,,,,,,
2019-10-01,601732.235,0,0,141508.127,460224.10799999995,0,0,0,0,0,2019-01-01,CU RBS,GFT FINANCIAL LTD.,2019-01-01,0.0,,,,,,,,,,,
2019-11-01,533980.58,0,0,116432.27599999998,417548.30399999995,0,0,0,0,0,2019-01-01,CU RBS,GFT FINANCIAL LTD.,2019-01-01,0.0,,,,,,,,,,,
2019-12-01,415273.58499999996,0,0,88530.997,326742.588,0,0,0,0,0,2019-01-01,CU RBS,GFT FINANCIAL LTD.,2019-01-01,0.0,,,,,,,,,,,
2019-03-01,0,0,0,0,0,0,0,0,0,0,2019-02-01,CU RBS,GFT FINANCIAL LTD.,2019-01-01,0.0,,,,,,,,,,,
2019-04-01,91237.83350000001,0,38571.7425,52666.091,0,0,0,0,0,0,2019-02-01,CU RBS,GFT FINANCIAL LTD.,2019-01-01,0.0,,,,,,,,,,,
2019-05-01,129580.352,0,57772.634999999995,65012.69,6795.027000000001,0,0,0,0,0,2019-02-01,CU RBS,GFT FINANCIAL LTD.,2019-01-01,0.0,,,,,,,,,,,
2019-06-01,216474.62374999997,0,55774.62825,63469.6805,97230.31499999999,0,0,0,0,0,2019-02-01,CU RBS,GFT FINANCIAL LTD.,2019-01-01,0.0,,,,,,,,,,,
2019-07-01,295195.85774999997,0,61152.14325,69527.2105,164516.504,0,0,0,0,0,2019-02-01,CU RBS,GFT FINANCIAL LTD.,2019-01-01,0.0,,,,,,,,,,,
2019-08-01,261433.98225,0,55044.13275,61167.1935,145222.656,0,0,0,0,0,2019-02-01,CU RBS,GFT FINANCIAL LTD.,2019-01-01,0.0,,,,,,,,,,,
2019-09-01,455183.13224999997,0,56800.634249999996,9817.605000000001,388564.893,0,0,0,0,0,2019-02-01,CU RBS,GFT FINANCIAL LTD.,2019-01-01,0.0,,,,,,,,,,,
2019-10-01,573284.5994999999,0,0,10752.615,562531.9844999999,0,0,0,0,0,2019-02-01,CU RBS,GFT FINANCIAL LTD.,2019-01-01,0.0,,,,,,,,,,,
2019-11-01,557472.333,0,0,8882.595000000001,548589.738,0,0,0,0,0,2019-02-01,CU RBS,GFT FINANCIAL LTD.,2019-01-01,0.0,,,,,,,,,,,
2019-12-01,456098.378,0,0,9350.1,446748.27800000005,0,0,0,0,0,2019-02-01,CU RBS,GFT FINANCIAL LTD.,2019-01-01,0.0,,,,,,,,,,,
2019-04-01,55940.49999999999,10750,45190.49999999999,0,0,0,0,0,0,0,2019-03-01,CU RBS,GFT FINANCIAL LTD.,2019-01-01,0.0,,,,,,,,,,,
2019-05-01,105206.34,23750,45626.25,35830.09,0,0,0,0,0,0,2019-03-01,CU RBS,GFT FINANCIAL LTD.,2019-01-01,0.0,,,,,,,,,,,
2019-06-01,259878.8555,23750,0,104623.5855,131505.27,0,0,0,0,0,2019-03-01,CU RBS,GFT FINANCIAL LTD.,2019-01-01,0.0,,,,,,,,,,,
2019-07-01,320486.6955,25000,0,118535.0955,176951.59999999998,0,0,0,0,0,2019-03-01,CU RBS,GFT FINANCIAL LTD.,2019-01-01,0.0,,,,,,,,,,,
2019-08-01,275998.4325,21000,0,103461.0885,151537.344,0,0,0,0,0,2019-03-01,CU RBS,GFT FINANCIAL LTD.,2019-01-01,0.0,,,,,,,,,,,
2019-09-01,439526.91109999997,0,0,126899.4251,312627.486,0,0,0,0,0,2019-03-01,CU RBS,GFT FINANCIAL LTD.,2019-01-01,0.0,,,,,,,,,,,
2019-10-01,549092.7995999999,0,0,127527.8226,421564.97699999996,0,0,0,0,0,2019-03-01,CU RBS,GFT FINANCIAL LTD.,2019-01-01,0.0,,,,,,,,,,,
2019-11-01,550925.1792,0,0,111771.1392,439154.04,0,0,0,0,0,2019-03-01,CU RBS,GFT FINANCIAL LTD.,2019-01-01,0.0,,,,,,,,,,,
2019-12-01,454877.2041,0,0,83231.8561,371645.348,0,0,0,0,0,2019-03-01,CU RBS,GFT FINANCIAL LTD.,2019-01-01,0.0,,,,,,,,,,,
2019-05-01,78820.32,78820.32,0,0,0,0,0,0,0,0,2019-04-01,CU RBS,GFT FINANCIAL LTD.,2019-01-01,0.0,,,,,,,,,,,
2019-06-01,76660.554,76660.554,0,0,0,0,0,0,0,0,2019-04-01,CU RBS,GFT FINANCIAL LTD.,2019-01-01,0.0,,,,,,,,,,,
2019-07-01,277871.78130000003,25000,0,109946.7813,142925,0,0,0,0,0,2019-04-01,CU RBS,GFT FINANCIAL LTD.,2019-01-01,0.0,,,,,,,,,,,
2019-08-01,314853.8811,21000,0,97398.8811,196455,0,0,0,0,0,2019-04-01,CU RBS,GFT FINANCIAL LTD.,2019-01-01,0.0,,,,,,,,,,,
2019-09-01,487758.1528,0,0,109479.18479999999,378278.968,0,0,0,0,0,2019-04-01,CU RBS,GFT FINANCIAL LTD.,2019-01-01,0.0,,,,,,,,,,,
2019-10-01,655113.8542000001,0,0,130813.51019999999,524300.344,0,0,0,0,0,2019-04-01,CU RBS,GFT FINANCIAL LTD.,2019-01-01,0.0,,,,,,,,,,,
2019-11-01,585127.8960000001,0,0,49439.256,535688.64,0,0,0,0,0,2019-04-01,CU RBS,GFT FINANCIAL LTD.,2019-01-01,0.0,,,,,,,,,,,
2019-12-01,478744.293,0,0,36384.173,442360.12,0,0,0,0,0,2019-04-01,CU RBS,GFT FINANCIAL LTD.,2019-01-01,0.0,,,,,,,,,,,
2019-06-01,84903.864,45628.47,39275.394,0,0,0,0,0,0,0,2019-05-01,CU RBS,GFT FINANCIAL LTD.,2019-01-01,0.0,,,,,,,,,,,
2019-07-01,90636.35,25000,0,65636.35,0,0,0,0,0,0,2019-05-01,CU RBS,GFT FINANCIAL LTD.,2019-01-01,0.0,,,,,,,,,,,
2019-08-01,114192.96,21000,0,73032.96,20160,0,0,0,0,0,2019-05-01,CU RBS,GFT FINANCIAL LTD.,2019-01-01,0.0,,,,,,,,,,,
2019-09-01,271940.01216605003,0,0,108386.04416605001,163553.968,0,0,0,0,0,2019-05-01,CU RBS,GFT FINANCIAL LTD.,2019-01-01,0.0,,,,,,,,,,,
2019-10-01,697411.16175,0,0,126332.39374999999,571078.7679999999,0,0,0,0,0,2019-05-01,CU RBS,GFT FINANCIAL LTD.,2019-01-01,0.0,,,,,,,,,,,
2019-11-01,678683.7390000001,0,0,111570.55500000001,567113.184,0,0,0,0,0,2019-05-01,CU RBS,GFT FINANCIAL LTD.,2019-01-01,0.0,,,,,,,,,,,
2019-12-01,537292.36,0,0,94002.29999999999,443290.06,0,0,0,0,0,2019-05-01,CU RBS,GFT FINANCIAL LTD.,2019-01-01,0.0,,,,,,,,,,,
2019-07-01,110256.024,25000,85256.024,0,0,0,0,0,0,0,2019-06-01,CU RBS,GFT FINANCIAL LTD.,2019-01-01,0.0,,,,,,,,,,,
2019-08-01,124043.17799999999,21000,103043.17799999999,0,0,0,0,0,0,0,2019-06-01,CU RBS,GFT FINANCIAL LTD.,2019-01-01,0.0,,,,,,,,,,,
2019-09-01,257623.436,0,114280.93599999999,62562.5,80780,0,0,0,0,0,2019-06-01,CU RBS,GFT FINANCIAL LTD.,2019-01-01,0.0,,,,,,,,,,,
2019-10-01,413068.74,0,131925.99,79202.75,201940,0,0,0,0,0,2019-06-01,CU RBS,GFT FINANCIAL LTD.,2019-01-01,0.0,,,,,,,,,,,
2019-11-01,453970.392,0,114629.592,74680.8,264660,0,0,0,0,0,2019-06-01,CU RBS,GFT FINANCIAL LTD.,2019-01-01,0.0,,,,,,,,,,,
2019-12-01,362888.71499999997,0,100825.34,52238.375,209825,0,0,0,0,0,2019-06-01,CU RBS,GFT FINANCIAL LTD.,2019-01-01,0.0,,,,,,,,,,,
2019-08-01,101855.28959999999,101855.28959999999,0,0,0,0,0,0,0,0,2019-07-01,CU RBS,GFT FINANCIAL LTD.,2019-01-01,0.0,,,,,,,,,,,
2019-09-01,127683.83439999999,110621.33439999999,0,17062.5,0,0,0,0,0,0,2019-07-01,CU RBS,GFT FINANCIAL LTD.,2019-01-01,0.0,,,,,,,,,,,
2019-10-01,163542.05800000002,127598.808,0,35943.25,0,0,0,0,0,0,2019-07-01,CU RBS,GFT FINANCIAL LTD.,2019-01-01,0.0,,,,,,,,,,,
2019-11-01,144139.9968,110509.9968,0,33630,0,0,0,0,0,0,2019-07-01,CU RBS,GFT FINANCIAL LTD.,2019-01-01,0.0,,,,,,,,,,,
2019-12-01,122532.168,98027.168,0,24505,0,0,0,0,0,0,2019-07-01,CU RBS,GFT FINANCIAL LTD.,2019-01-01,0.0,,,,,,,,,,,
2019-10-01,143426.35199999998,143426.35199999998,0,0,0,0,0,0,0,0,2019-09-01,CU RBS,GFT FINANCIAL LTD.,2019-01-01,0.0,,,,,,,,,,,
2019-11-01,124177.584,124177.584,0,0,0,0,0,0,0,0,2019-09-01,CU RBS,GFT FINANCIAL LTD.,2019-01-01,0.0,,,,,,,,,,,
2019-12-01,60451.011999999995,60451.011999999995,0,0,0,0,0,0,0,0,2019-09-01,CU RBS,GFT FINANCIAL LTD.,2019-01-01,0.0,,,,,,,,,,,
2020-01-01,120064.1922,107689.1922,0,12375,0,0,0,0,0,0,2019-09-01,CU RBS,GFT FINANCIAL LTD.,2019-01-01,0.0,,,,,,,,,,,
2020-02-01,128345.7408,101560.06079999999,0,26785.68,0,0,0,0,0,0,2019-09-01,CU RBS,GFT FINANCIAL LTD.,2019-01-01,0.0,,,,,,,,,,,
2020-03-01,108201.47159999999,87780.7116,0,20420.760000000002,0,0,0,0,0,0,2019-09-01,CU RBS,GFT FINANCIAL LTD.,2019-01-01,0.0,,,,,,,,,,,
2019-11-01,102024.64800000002,102024.64800000002,0,0,0,0,0,0,0,0,2019-10-01,CU RBS,GFT FINANCIAL LTD.,2019-01-01,0.0,,,,,,,,,,,
2019-12-01,62019.506,62019.506,0,0,0,0,0,0,0,0,2019-10-01,CU RBS,GFT FINANCIAL LTD.,2019-01-01,0.0,,,,,,,,,,,
2020-01-01,119383.66320000001,99583.66320000001,0,19800,0,0,0,0,0,0,2019-10-01,CU RBS,GFT FINANCIAL LTD.,2019-01-01,0.0,,,,,,,,,,,
2020-02-01,134346.32592,93835.5048,0,40510.82112,0,0,0,0,0,0,2019-10-01,CU RBS,GFT FINANCIAL LTD.,2019-01-01,0.0,,,,,,,,,,,
2020-03-01,111914.96784000001,79119.04960000001,0,32795.91824,0,0,0,0,0,0,2019-10-01,CU RBS,GFT FINANCIAL LTD.,2019-01-01,0.0,,,,,,,,,,,
2019-12-01,55380.502499999995,55380.502499999995,0,0,0,0,0,0,0,0,2019-11-01,CU RBS,GFT FINANCIAL LTD.,2019-01-01,0.0,,,,,,,,,,,
2020-01-01,76940.01277500001,71056.467,5883.545775,0,0,0,0,0,0,0,2019-11-01,CU RBS,GFT FINANCIAL LTD.,2019-01-01,0.0,,,,,,,,,,,
2020-02-01,84672.125325,67004.988,6229.637325000001,11437.5,0,0,0,0,0,0,2019-11-01,CU RBS,GFT FINANCIAL LTD.,2019-01-01,0.0,,,,,,,,,,,
2020-03-01,85539.336,49483.626000000004,6972.450000000001,29083.26,0,0,0,0,0,0,2019-11-01,CU RBS,GFT FINANCIAL LTD.,2019-01-01,0.0,,,,,,,,,,,
2019-02-01,256079.68829999998,274291.512,7391.474999999999,2850,0,0,0,0,0,-28453.2987,2019-01-01,CU Schroders,GFT FINANCIAL LTD.,2019-01-01,-512391.321568005,,,,,,,,,,,
2019-03-01,307169.342172045,299652.141,15838.874999999998,25808.253080050003,0,0,0,0,0,-34129.926908005,2019-01-01,CU Schroders,GFT FINANCIAL LTD.,2019-01-01,-512391.321568005,,,,,,,,,,,
2019-04-01,323450.9901,167747.571,13970.7,75459.718,102212,0,0,0,0,-35938.9989,2019-01-01,CU Schroders,GFT FINANCIAL LTD.,2019-01-01,-512391.321568005,,,,,,,,,,,
2019-05-01,361867.0635,40221.990000000005,15432.75,108639.775,237780,0,0,0,0,-40207.4515,2019-01-01,CU Schroders,GFT FINANCIAL LTD.,2019-01-01,-512391.321568005,,,,,,,,,,,
2019-06-01,393055.471575,38617.0155,15432.75,96253.53625,286425,0,0,0,0,-43672.830175,2019-01-01,CU Schroders,GFT FINANCIAL LTD.,2019-01-01,-512391.321568005,,,,,,,,,,,
2019-07-01,438528.92445,0,16245,142849.3605,328160,0,0,0,0,-48725.436050000004,2019-01-01,CU Schroders,GFT FINANCIAL LTD.,2019-01-01,-512391.321568005,,,,,,,,,,,
2019-08-01,395918.40914999996,0,13645.8,128087.5435,298176,0,0,0,0,-43990.934349999996,2019-01-01,CU Schroders,GFT FINANCIAL LTD.,2019-01-01,-512391.321568005,,,,,,,,,,,
2019-09-01,439797.89204999997,0,14782.949999999999,133017.8745,340863.5,0,0,0,0,-48866.43245,2019-01-01,CU Schroders,GFT FINANCIAL LTD.,2019-01-01,-512391.321568005,,,,,,,,,,,
2019-10-01,535946.8481099999,0,17463.375,110760.6229,467272.5,0,0,0,0,-59549.649789999996,2019-01-01,CU Schroders,GFT FINANCIAL LTD.,2019-01-01,-512391.321568005,,,,,,,,,,,
2019-11-01,479789.86211999995,0,16569.899999999998,93319.9468,423210,0,0,0,0,-53309.984679999994,2019-01-01,CU Schroders,GFT FINANCIAL LTD.,2019-01-01,-512391.321568005,,,,,,,,,,,
2019-12-01,421391.126835,0,11371.499999999998,47020.86315,409820,0,0,0,0,-46821.236315,2019-01-01,CU Schroders,GFT FINANCIAL LTD.,2019-01-01,-512391.321568005,,,,,,,,,,,
2019-03-01,300660.0705,334066.745,0,0,0,0,0,0,0,-33406.6745,2019-02-01,CU Schroders,GFT FINANCIAL LTD.,2019-01-01,0.0,,,,,,,,,,,
2019-04-01,281933.858475,152332.18,13140.4,104107.26275000001,43679.99999999999,0,0,0,0,-31325.984275000003,2019-02-01,CU Schroders,GFT FINANCIAL LTD.,2019-01-01,0.0,,,,,,,,,,,
2019-05-01,397981.2069,33345,28428.75,225537.591,154890,0,0,0,0,-44220.1341,2019-02-01,CU Schroders,GFT FINANCIAL LTD.,2019-01-01,0.0,,,,,,,,,,,
2019-06-01,489275.74030500004,24367.5,27778.95,269193.26145,222300,0,0,0,0,-54363.97114500001,2019-02-01,CU Schroders,GFT FINANCIAL LTD.,2019-01-01,0.0,,,,,,,,,,,
2019-07-01,500757.40755,17100,30035.199999999997,188741.91950000002,320520,0,0,0,0,-55639.711950000004,2019-02-01,CU Schroders,GFT FINANCIAL LTD.,2019-01-01,0.0,,,,,,,,,,,
2019-08-01,452974.45815,14364,26425.199999999997,157259.75350000002,305256,0,0,0,0,-50330.495350000005,2019-02-01,CU Schroders,GFT FINANCIAL LTD.,2019-01-01,0.0,,,,,,,,,,,
2019-09-01,489148.46504999994,15561,27706.75,159367.0445,340863.5,0,0,0,0,-54349.82945,2019-02-01,CU Schroders,GFT FINANCIAL LTD.,2019-01-01,0.0,,,,,,,,,,,
2019-10-01,577418.8068,18382.5,32192.175,123729.27699999997,467272.5,0,0,0,0,-64157.645200000006,2019-02-01,CU Schroders,GFT FINANCIAL LTD.,2019-01-01,0.0,,,,,,,,,,,
2019-11-01,504341.27099999995,17442,28699.499999999996,91027.69,423210,0,0,0,0,-56037.918999999994,2019-02-01,CU Schroders,GFT FINANCIAL LTD.,2019-01-01,0.0,,,,,,,,,,,
2019-12-01,482274.9348749999,11970,23573.299999999996,90497.73874999999,409820,0,0,0,0,-53586.103875,2019-02-01,CU Schroders,GFT FINANCIAL LTD.,2019-01-01,0.0,,,,,,,,,,,
2019-04-01,285196.096575,191881.913,125002.63874999998,0,0,0,0,0,0,-31688.455175,2019-03-01,CU Schroders,GFT FINANCIAL LTD.,2019-01-01,0.0,,,,,,,,,,,
2019-05-01,314927.7525,64519.020000000004,240244.105,45156.6,0,0,0,0,0,-34991.972499999996,2019-03-01,CU Schroders,GFT FINANCIAL LTD.,2019-01-01,0.0,,,,,,,,,,,
2019-06-01,403101.45837,38988,223166.61849999998,135290.8908,50445,0,0,0,0,-44789.05093,2019-03-01,CU Schroders,GFT FINANCIAL LTD.,2019-01-01,0.0,,,,,,,,,,,
2019-07-01,514830.96261,17100,105085.24179999999,176989.1611,272860,0,0,0,0,-57203.44029,2019-03-01,CU Schroders,GFT FINANCIAL LTD.,2019-01-01,0.0,,,,,,,,,,,
2019-08-01,464703.455475,14364,67942.1988,164378.97395,269652,0,0,0,0,-51633.717275,2019-03-01,CU Schroders,GFT FINANCIAL LTD.,2019-01-01,0.0,,,,,,,,,,,
2019-09-01,506550.842865,15561,70675.82759999999,164373.94225,312223.5,0,0,0,0,-56283.426985000006,2019-03-01,CU Schroders,GFT FINANCIAL LTD.,2019-01-01,0.0,,,,,,,,,,,
2019-10-01,610968.84624,18382.5,81778.2876,160380.986,418312.5,0,0,0,0,-67885.42736,2019-03-01,CU Schroders,GFT FINANCIAL LTD.,2019-01-01,0.0,,,,,,,,,,,
2019-11-01,552562.63308,17442,71723.41919999999,128463.06199999999,396330,0,0,0,0,-61395.84812000001,2019-03-01,CU Schroders,GFT FINANCIAL LTD.,2019-01-01,0.0,,,,,,,,,,,
2019-12-01,518067.4372650001,11970,61556.28359999999,119324.20224999999,382780,0,0,0,0,-57563.04858500001,2019-03-01,CU Schroders,GFT FINANCIAL LTD.,2019-01-01,0.0,,,,,,,,,,,
2019-05-01,271572.80445,116216.28,185531.2805,0,0,0,0,0,0,-30174.756050000004,2019-04-01,CU Schroders,GFT FINANCIAL LTD.,2019-01-01,-548510.3409525001,,,,,,,,,,,
2019-06-01,320245.96952250006,103870.359,238759.43352500003,13199.0625,0,0,0,0,0,-35582.88550250001,2019-04-01,CU Schroders,GFT FINANCIAL LTD.,2019-01-01,-548510.3409525001,,,,,,,,,,,
2019-07-01,413730.84197249997,24550.528,147333.210325,146657.1972,141160,0,0,0,0,-45970.0935525,2019-04-01,CU Schroders,GFT FINANCIAL LTD.,2019-01-01,-548510.3409525001,,,,,,,,,,,
2019-08-01,437596.20870749996,14364,132827.425275,140174.5844,198852,0,0,0,0,-48621.8009675,2019-04-01,CU Schroders,GFT FINANCIAL LTD.,2019-01-01,-548510.3409525001,,,,,,,,,,,
2019-09-01,546121.7966025,15561,136915.03742499996,142102.45880000002,312223.5,0,0,0,0,-60680.199622500004,2019-04-01,CU Schroders,GFT FINANCIAL LTD.,2019-01-01,-548510.3409525001,,,,,,,,,,,
2019-10-01,691884.80577,18382.5,142928.88929999998,148337.006,459112.5,0,0,0,0,-76876.08953,2019-04-01,CU Schroders,GFT FINANCIAL LTD.,2019-01-01,-548510.3409525001,,,,,,,,,,,
2019-11-01,628624.7753399999,17442,123464.82059999999,127635.15200000002,429930,0,0,0,0,-69847.19726,2019-04-01,CU Schroders,GFT FINANCIAL LTD.,2019-01-01,-548510.3409525001,,,,,,,,,,,
2019-12-01,581588.4984075001,11970,110260.176675,107399.266,416580,0,0,0,0,-64620.94426750001,2019-04-01,CU Schroders,GFT FINANCIAL LTD.,2019-01-01,-548510.3409525001,,,,,,,,,,,
2019-06-01,280646.68574249995,288573.98,23255.670825,0,0,0,0,0,0,-31182.9650825,2019-05-01,CU Schroders,GFT FINANCIAL LTD.,2019-01-01,-488831.39844699996,,,,,,,,,,,
2019-07-01,308507.01641549997,32994.26,160601.08925,118630.224545,30560.000000000004,0,0,0,0,-34278.5573795,2019-05-01,CU Schroders,GFT FINANCIAL LTD.,2019-01-01,-488831.39844699996,,,,,,,,,,,
2019-08-01,371539.4153175,14364,165295.06350000002,119474.50907499998,113688,0,0,0,0,-41282.1572575,2019-05-01,CU Schroders,GFT FINANCIAL LTD.,2019-01-01,-488831.39844699996,,,,,,,,,,,
2019-09-01,479483.5666725,15561,215618.5145,124776.00402499997,176804,0,0,0,0,-53275.9518525,2019-05-01,CU Schroders,GFT FINANCIAL LTD.,2019-01-01,-488831.39844699996,,,,,,,,,,,
2019-10-01,629321.9422500001,18382.5,156035.48699999996,163636.1155,361192.5,0,0,0,0,-69924.66025,2019-05-01,CU Schroders,GFT FINANCIAL LTD.,2019-01-01,-488831.39844699996,,,,,,,,,,,
2019-11-01,579320.7845399999,17442,100181.3436,152614.417,373452,0,0,0,0,-64368.97605999999,2019-05-01,CU Schroders,GFT FINANCIAL LTD.,2019-01-01,-488831.39844699996,,,,,,,,,,,
2019-12-01,439753.505085,11970,98065.614125,124799.391525,253780,0,0,0,0,-48861.500565,2019-05-01,CU Schroders,GFT FINANCIAL LTD.,2019-01-01,-488831.39844699996,,,,,,,,,,,
2019-07-01,278629.78833,70613.33499999999,238975.31870000006,0,0,0,0,0,0,-30958.865370000003,2019-06-01,CU Schroders,GFT FINANCIAL LTD.,2019-01-01,-438569.50704000005,,,,,,,,,,,
2019-08-01,264792.8209275,34039.675,239825.570475,20349.000000000004,0,0,0,0,0,-29421.424547500003,2019-06-01,CU Schroders,GFT FINANCIAL LTD.,2019-01-01,-438569.50704000005,,,,,,,,,,,
2019-09-01,379254.7566225,40861.225,314755.19902500004,25502.749999999996,40275,0,0,0,0,-42139.4174025,2019-06-01,CU Schroders,GFT FINANCIAL LTD.,2019-01-01,-438569.50704000005,,,,,,,,,,,
2019-10-01,534728.68488,7267.499999999999,209940.51719999997,205414.966,171520,0,0,0,0,-59414.298319999994,2019-06-01,CU Schroders,GFT FINANCIAL LTD.,2019-01-01,-438569.50704000005,,,,,,,,,,,
2019-11-01,490328.63460000005,0,182310.372,178059.222,184440,0,0,0,0,-54480.95940000001,2019-06-01,CU Schroders,GFT FINANCIAL LTD.,2019-01-01,-438569.50704000005,,,,,,,,,,,
2019-12-01,417178.566,0,164111.28749999998,134530.4525,164890,0,0,0,0,-46353.174,2019-06-01,CU Schroders,GFT FINANCIAL LTD.,2019-01-01,-438569.50704000005,,,,,,,,,,,
2019-08-01,253709.83934999997,281899.82149999996,0,0,0,0,0,0,0,-28189.982149999996,2019-07-01,CU Schroders,GFT FINANCIAL LTD.,2019-01-01,-433047.29463,,,,,,,,,,,
2019-09-01,365366.0578499999,322519.6969999999,46655.8395,36786.75,0,0,0,0,0,-40596.22865,2019-07-01,CU Schroders,GFT FINANCIAL LTD.,2019-01-01,-433047.29463,,,,,,,,,,,
2019-10-01,611520.169365,83954.82299999999,215901.10055,290825.93129999994,88785,0,0,0,0,-67946.68548500001,2019-07-01,CU Schroders,GFT FINANCIAL LTD.,2019-01-01,-433047.29463,,,,,,,,,,,
2019-11-01,518015.4427799999,20748.168,203285.21159999998,267095.33459999994,84444,0,0,0,0,-57557.27142,2019-07-01,CU Schroders,GFT FINANCIAL LTD.,2019-01-01,-433047.29463,,,,,,,,,,,
2019-12-01,306250.91932499997,15653.75175,101307.3207,153536.4768,69781.25,0,0,0,0,-34027.879925,2019-07-01,CU Schroders,GFT FINANCIAL LTD.,2019-01-01,-433047.29463,,,,,,,,,,,
2019-10-01,358589.2833,113931.15299999999,283919.984,581.4,0,0,0,0,0,-39843.2537,2019-09-01,CU Schroders,GFT FINANCIAL LTD.,2019-01-01,-387190.1685225001,,,,,,,,,,,
2019-11-01,405004.12857,53799.438,272602.8663,123602.283,0,0,0,0,0,-45000.458730000006,2019-09-01,CU Schroders,GFT FINANCIAL LTD.,2019-01-01,-387190.1685225001,,,,,,,,,,,
2019-12-01,351253.90883250005,54119.67275,258103.0823,78059.36587499999,0,0,0,0,0,-39028.212092500005,2019-09-01,CU Schroders,GFT FINANCIAL LTD.,2019-01-01,-387190.1685225001,,,,,,,,,,,
2020-01-01,194518.96208750003,91808.54966250001,0,102710.41242500002,0,0,0,0,0,0,2019-09-01,CU Schroders,GFT FINANCIAL LTD.,2019-01-01,-387190.1685225001,,,,,,,,,,,
2020-02-01,183934.17485,86803.75215,0,97130.42270000001,0,0,0,0,0,0,2019-09-01,CU Schroders,GFT FINANCIAL LTD.,2019-01-01,-387190.1685225001,,,,,,,,,,,
2020-03-01,205010.86282500002,96462.18367500001,0,108548.67915000001,0,0,0,0,0,0,2019-09-01,CU Schroders,GFT FINANCIAL LTD.,2019-01-01,-387190.1685225001,,,,,,,,,,,
2019-11-01,297536.36040000006,330595.95600000006,0,0,0,0,0,0,0,-33059.59560000001,2019-10-01,CU Schroders,GFT FINANCIAL LTD.,2019-01-01,0.0,,,,,,,,,,,
2019-12-01,327562.73145,317419.1605,45255.03,1284.3999999999999,0,0,0,0,0,-36395.85905000001,2019-10-01,CU Schroders,GFT FINANCIAL LTD.,2019-01-01,0.0,,,,,,,,,,,
2020-01-01,277559.436675,81381.9927,115645.3578,80532.086175,0,0,0,0,0,0,2019-10-01,CU Schroders,GFT FINANCIAL LTD.,2019-01-01,0.0,,,,,,,,,,,
2020-02-01,204781.3275,57061.778399999996,65889.5472,81830.0019,0,0,0,0,0,0,2019-10-01,CU Schroders,GFT FINANCIAL LTD.,2019-01-01,0.0,,,,,,,,,,,
2020-03-01,201474.55785,63060.75180000001,52614.4044,85799.40165,0,0,0,0,0,0,2019-10-01,CU Schroders,GFT FINANCIAL LTD.,2019-01-01,0.0,,,,,,,,,,,
2019-12-01,200970.597987,223300.66442999998,0,0,0,0,0,0,0,-22330.066443,2019-11-01,CU Schroders,GFT FINANCIAL LTD.,2019-01-01,-356443.128443,,,,,,,,,,,
2020-01-01,327071.73948499997,13198.000200000002,291073.689285,22800.05,0,0,0,0,0,0,2019-11-01,CU Schroders,GFT FINANCIAL LTD.,2019-01-01,-356443.128443,,,,,,,,,,,
2020-02-01,302027.60474,0,275750.55474,26277.05,0,0,0,0,0,0,2019-11-01,CU Schroders,GFT FINANCIAL LTD.,2019-01-01,-356443.128443,,,,,,,,,,,
2020-03-01,300513.446605,0,296751.446605,3762,0,0,0,0,0,0,2019-11-01,CU Schroders,GFT FINANCIAL LTD.,2019-01-01,-356443.128443,,,,,,,,,,,
2020-02-01,435853.30783999996,194302.45339999997,168774.31644,37860.138,34916.4,0,0,0,0,0,2020-01-01,CU UK Asset Management,GFT FINANCIAL LTD.,2020-01-01,0.0,,,,,,,,,,,
2020-03-01,460624.06054000003,202194.3604,179312.98488,41338.31526,37778.4,0,0,0,0,0,2020-01-01,CU UK Asset Management,GFT FINANCIAL LTD.,2020-01-01,0.0,,,,,,,,,,,
2020-04-01,376468.8065399999,200642.54699999996,83238.60308999999,13182.93645,79404.72,0,0,0,0,0,2020-01-01,CU UK Asset Management,GFT FINANCIAL LTD.,2020-01-01,0.0,,,,,,,,,,,
2020-05-01,455926.73799999995,200585.55999999997,83981.178,13788,157572,0,0,0,0,0,2020-01-01,CU UK Asset Management,GFT FINANCIAL LTD.,2020-01-01,0.0,,,,,,,,,,,
2020-06-01,461985.75775,199676.11,85657.64775,14937,161715,0,0,0,0,0,2020-01-01,CU UK Asset Management,GFT FINANCIAL LTD.,2020-01-01,0.0,,,,,,,,,,,
2020-07-01,540722.88925,302662.38924999995,0,2535.0000000000005,235525.5,0,0,0,0,0,2020-01-01,CU UK Asset Management,GFT FINANCIAL LTD.,2020-01-01,0.0,,,,,,,,,,,
2020-08-01,456388.8591499999,258321.2591499999,0,2080,195987.59999999998,0,0,0,0,0,2020-01-01,CU UK Asset Management,GFT FINANCIAL LTD.,2020-01-01,0.0,,,,,,,,,,,
2020-09-01,615815.59083,299994.59083,0,2405,313416,0,0,0,0,0,2020-01-01,CU UK Asset Management,GFT FINANCIAL LTD.,2020-01-01,0.0,,,,,,,,,,,
2020-10-01,696618.04159,312555.82159,0,2730,381332.22,0,0,0,0,0,2020-01-01,CU UK Asset Management,GFT FINANCIAL LTD.,2020-01-01,0.0,,,,,,,,,,,
2020-11-01,640593.67485,287707.37485,0,2600,350286.29999999993,0,0,0,0,0,2020-01-01,CU UK Asset Management,GFT FINANCIAL LTD.,2020-01-01,0.0,,,,,,,,,,,
2020-12-01,577035.067,265704.067,0,1950,309381,0,0,0,0,0,2020-01-01,CU UK Asset Management,GFT FINANCIAL LTD.,2020-01-01,0.0,,,,,,,,,,,
2020-03-01,386849.64160000003,355726.0616,31123.58,0,0,0,0,0,0,0,2020-02-01,CU UK Asset Management,GFT FINANCIAL LTD.,2020-01-01,0.0,,,,,,,,,,,
2020-04-01,485456.042275,167208.02845,31123.58,73291.613825,213832.82,0,0,0,0,0,2020-02-01,CU UK Asset Management,GFT FINANCIAL LTD.,2020-01-01,0.0,,,,,,,,,,,
2020-05-01,473993.17000000004,136913.58000000002,31123.6,88911.99,217044,0,0,0,0,0,2020-02-01,CU UK Asset Management,GFT FINANCIAL LTD.,2020-01-01,0.0,,,,,,,,,,,
2020-06-01,489883.21175,138004.5025,31123.58,81050.62925,239704.5,0,0,0,0,0,2020-02-01,CU UK Asset Management,GFT FINANCIAL LTD.,2020-01-01,0.0,,,,,,,,,,,
2020-07-01,532799.49925,52837.9775,31123.58,135147.44175,313690.5,0,0,0,0,0,2020-02-01,CU UK Asset Management,GFT FINANCIAL LTD.,2020-01-01,0.0,,,,,,,,,,,
2020-08-01,456119.35974999995,44329.004499999995,31123.6,112707.35525,267959.39999999997,0,0,0,0,0,2020-02-01,CU UK Asset Management,GFT FINANCIAL LTD.,2020-01-01,0.0,,,,,,,,,,,
2020-09-01,614500.07115,52783.0809,31123.58,132435.00024999998,398158.41,0,0,0,0,0,2020-02-01,CU UK Asset Management,GFT FINANCIAL LTD.,2020-01-01,0.0,,,,,,,,,,,
2020-10-01,671010.0259499999,54320.1857,31123.58,139977.58025,445588.68,0,0,0,0,0,2020-02-01,CU UK Asset Management,GFT FINANCIAL LTD.,2020-01-01,0.0,,,,,,,,,,,
2020-11-01,618476.21425,48995.215500000006,31123.6,128245.19875,410112.2,0,0,0,0,0,2020-02-01,CU UK Asset Management,GFT FINANCIAL LTD.,2020-01-01,0.0,,,,,,,,,,,
2020-12-01,550152.3406,47940.13560000001,31123.58,111874.625,359214,0,0,0,0,0,2020-02-01,CU UK Asset Management,GFT FINANCIAL LTD.,2020-01-01,0.0,,,,,,,,,,,
2020-04-01,295158.5263,206962.61155,6602.69,81593.22475,0,0,0,0,0,0,2020-03-01,CU UK Asset Management,GFT FINANCIAL LTD.,2020-01-01,0.0,,,,,,,,,,,
2020-05-01,480559.52280000004,184368.54,6497.999999999999,151812.9828,137880,0,0,0,0,0,2020-03-01,CU UK Asset Management,GFT FINANCIAL LTD.,2020-01-01,0.0,,,,,,,,,,,
2020-06-01,505804.7379,185282.1275,6407.75,152474.8604,161640,0,0,0,0,0,2020-03-01,CU UK Asset Management,GFT FINANCIAL LTD.,2020-01-01,0.0,,,,,,,,,,,
2020-07-01,546043.273825,83335.645,0,215897.628825,246810,0,0,0,0,0,2020-03-01,CU UK Asset Management,GFT FINANCIAL LTD.,2020-01-01,0.0,,,,,,,,,,,
2020-08-01,448621.43435,75191.283,0,169172.15134999997,204258,0,0,0,0,0,2020-03-01,CU UK Asset Management,GFT FINANCIAL LTD.,2020-01-01,0.0,,,,,,,,,,,
2020-09-01,636413.53615,83283.1006,0,199811.83555000002,353318.6,0,0,0,0,0,2020-03-01,CU UK Asset Management,GFT FINANCIAL LTD.,2020-01-01,0.0,,,,,,,,,,,
2020-10-01,828514.65015,84754.3438,0,210757.60635000002,533002.7,0,0,0,0,0,2020-03-01,CU UK Asset Management,GFT FINANCIAL LTD.,2020-01-01,0.0,,,,,,,,,,,
2020-11-01,727836.88175,79657.557,0,152658.82475,495520.5,0,0,0,0,0,2020-03-01,CU UK Asset Management,GFT FINANCIAL LTD.,2020-01-01,0.0,,,,,,,,,,,
2020-12-01,593668.995,77424.4,0,135634.595,380610,0,0,0,0,0,2020-03-01,CU UK Asset Management,GFT FINANCIAL LTD.,2020-01-01,0.0,,,,,,,,,,,
2020-03-01,0,0,0,0,0,0,0,0,0,0,2020-02-01,Industry,GFT FINANCIAL LTD.,2020-01-01,0.0,,,,,,,,,,,
2020-04-01,0,0,0,0,0,0,0,0,0,0,2020-02-01,Industry,GFT FINANCIAL LTD.,2020-01-01,0.0,,,,,,,,,,,
2020-05-01,0,0,0,0,0,0,0,0,0,0,2020-02-01,Industry,GFT FINANCIAL LTD.,2020-01-01,0.0,,,,,,,,,,,
2020-06-01,0,0,0,0,0,0,0,0,0,0,2020-02-01,Industry,GFT FINANCIAL LTD.,2020-01-01,0.0,,,,,,,,,,,
2020-07-01,46410,0,0,26910,19500,0,0,0,0,0,2020-02-01,Industry,GFT FINANCIAL LTD.,2020-01-01,0.0,,,,,,,,,,,
2020-08-01,46400,0,0,30400,16000,0,0,0,0,0,2020-02-01,Industry,GFT FINANCIAL LTD.,2020-01-01,0.0,,,,,,,,,,,
2020-09-01,112168,0,0,44400,67768,0,0,0,0,0,2020-02-01,Industry,GFT FINANCIAL LTD.,2020-01-01,0.0,,,,,,,,,,,
2020-10-01,139896,0,0,50400,89496,0,0,0,0,0,2020-02-01,Industry,GFT FINANCIAL LTD.,2020-01-01,0.0,,,,,,,,,,,
2020-11-01,150840,0,0,48000,102840,0,0,0,0,0,2020-02-01,Industry,GFT FINANCIAL LTD.,2020-01-01,0.0,,,,,,,,,,,
2020-12-01,105300,0,0,19500,85800,0,0,0,0,0,2020-02-01,Industry,GFT FINANCIAL LTD.,2020-01-01,0.0,,,,,,,,,,,
2020-04-01,0,0,0,0,0,0,0,0,0,0,2020-03-01,Industry,GFT FINANCIAL LTD.,2020-02-01,0.0,,,,,,,,,,,
2020-05-01,0,0,0,0,0,0,0,0,0,0,2020-03-01,Industry,GFT FINANCIAL LTD.,2020-02-01,0.0,,,,,,,,,,,
2020-06-01,0,0,0,0,0,0,0,0,0,0,2020-03-01,Industry,GFT FINANCIAL LTD.,2020-02-01,0.0,,,,,,,,,,,
2020-07-01,106294.50000000001,0,0,0,106294.50000000001,0,0,0,0,0,2020-03-01,Industry,GFT FINANCIAL LTD.,2020-02-01,0.0,,,,,,,,,,,
2020-08-01,87216,0,0,0,87216,0,0,0,0,0,2020-03-01,Industry,GFT FINANCIAL LTD.,2020-02-01,0.0,,,,,,,,,,,
2020-09-01,100843.5,0,0,0,100843.5,0,0,0,0,0,2020-03-01,Industry,GFT FINANCIAL LTD.,2020-02-01,0.0,,,,,,,,,,,
2020-10-01,114471,0,0,0,114471,0,0,0,0,0,2020-03-01,Industry,GFT FINANCIAL LTD.,2020-02-01,0.0,,,,,,,,,,,
2020-11-01,109020.00000000001,0,0,0,109020.00000000001,0,0,0,0,0,2020-03-01,Industry,GFT FINANCIAL LTD.,2020-02-01,0.0,,,,,,,,,,,
2020-12-01,81765.00000000001,0,0,0,81765.00000000001,0,0,0,0,0,2020-03-01,Industry,GFT FINANCIAL LTD.,2020-02-01,0.0,,,,,,,,,,,
