date,Actuals & Commitment,P1,P2,P3,Bluesky,MCOM,On-Call,Expenses,AnB,Tech Funds,month_end_title,client_unit,legal_entity,month_end_helper,adjustments
2019-01-01,1405832,1405832,0,0,0,0,0,0,0,0,2019-01-01,HSBC,GFT FINANCIAL LTD.,2019-01-01,0
2019-01-01,1405303.59,1405303.59,0,0,0,0,0,0,0,0,2019-02-01,HSBC,GFT FINANCIAL LTD.,2019-02-01,0
2019-02-01,1310236.88,1310236.88,0,0,0,0,0,0,0,0,2019-02-01,HSBC,GFT FINANCIAL LTD.,2019-02-01,0
2019-01-01,1405303.59,1405303.59,0,0,0,0,0,0,0,0,2019-03-01,HSBC,GFT FINANCIAL LTD.,2019-03-01,0
2019-02-01,1310236.88,1310236.88,0,0,0,0,0,0,0,0,2019-03-01,HSBC,GFT FINANCIAL LTD.,2019-03-01,0
2019-03-01,1401066.65,1401066.65,0,0,0,0,0,0,0,0,2019-03-01,HSBC,GFT FINANCIAL LTD.,2019-03-01,0
2019-01-01,1405303.59,1405303.59,,,0,0,0,0,0,0,2019-04-01,HSBC,GFT FINANCIAL LTD.,2019-04-01,0
2019-02-01,1310236.88,1310236.88,,,0,0,0,0,0,0,2019-04-01,HSBC,GFT FINANCIAL LTD.,2019-04-01,0
2019-03-01,1401066.65,1401066.65,,,0,0,0,0,0,0,2019-04-01,HSBC,GFT FINANCIAL LTD.,2019-04-01,0
2019-04-01,1293343.14,1293343.14,,,0,0,0,0,0,0,2019-04-01,HSBC,GFT FINANCIAL LTD.,2019-04-01,0
2019-01-01,1405303.59,1405303.59,,,0,0,0,0,0,0,2019-05-01,HSBC,GFT FINANCIAL LTD.,2019-05-01,0
2019-02-01,1310236.88,1310236.88,,,0,0,0,0,0,0,2019-05-01,HSBC,GFT FINANCIAL LTD.,2019-05-01,0
2019-03-01,1401066.65,1401066.65,,,0,0,0,0,0,0,2019-05-01,HSBC,GFT FINANCIAL LTD.,2019-05-01,0
2019-04-01,1293343.14,1293343.14,,,0,0,0,0,0,0,2019-05-01,HSBC,GFT FINANCIAL LTD.,2019-05-01,0
2019-05-01,1270424.68,1270424.68,0,0,0,0,0,0,0,0,2019-05-01,HSBC,GFT FINANCIAL LTD.,2019-05-01,0
2019-01-01,1405303.59,1405303.59,,,0,0,0,0,0,0,2019-06-01,HSBC,GFT FINANCIAL LTD.,2019-06-01,0
2019-02-01,1310236.88,1310236.88,,,0,0,0,0,0,0,2019-06-01,HSBC,GFT FINANCIAL LTD.,2019-06-01,0
2019-03-01,1401066.65,1401066.65,,,0,0,0,0,0,0,2019-06-01,HSBC,GFT FINANCIAL LTD.,2019-06-01,0
2019-04-01,1293343.14,1293343.14,,,0,0,0,0,0,0,2019-06-01,HSBC,GFT FINANCIAL LTD.,2019-06-01,0
2019-05-01,1277774.34,1277774.34,0,0,0,0,0,0,0,0,2019-06-01,HSBC,GFT FINANCIAL LTD.,2019-06-01,0
2019-06-01,1312702.22,1312702.22,,,0,0,0,0,0,0,2019-06-01,HSBC,GFT FINANCIAL LTD.,2019-06-01,0
2019-01-01,1405303.59,1405303.59,,,0,0,0,0,0,0,2019-07-01,HSBC,GFT FINANCIAL LTD.,2019-07-01,0
2019-02-01,1310236.88,1310236.88,,,0,0,0,0,0,0,2019-07-01,HSBC,GFT FINANCIAL LTD.,2019-07-01,0
2019-03-01,1401066.65,1401066.65,,,0,0,0,0,0,0,2019-07-01,HSBC,GFT FINANCIAL LTD.,2019-07-01,0
2019-04-01,1293343.14,1293343.14,,,0,0,0,0,0,0,2019-07-01,HSBC,GFT FINANCIAL LTD.,2019-07-01,0
2019-05-01,1277774.34,1277774.34,0,0,0,0,0,0,0,0,2019-07-01,HSBC,GFT FINANCIAL LTD.,2019-07-01,0
2019-06-01,1305356.12,1305356.12,,,0,0,0,0,0,0,2019-07-01,HSBC,GFT FINANCIAL LTD.,2019-07-01,0
2019-07-01,1440058.01,1440058.01,,,0,0,0,0,0,0,2019-07-01,HSBC,GFT FINANCIAL LTD.,2019-07-01,0
2019-01-01,1405303.59,1405303.59,,,0,0,0,0,0,0,2019-08-01,HSBC,GFT FINANCIAL LTD.,2019-08-01,0
2019-02-01,1310236.88,1310236.88,,,0,0,0,0,0,0,2019-08-01,HSBC,GFT FINANCIAL LTD.,2019-08-01,0
2019-03-01,1401066.65,1401066.65,,,0,0,0,0,0,0,2019-08-01,HSBC,GFT FINANCIAL LTD.,2019-08-01,0
2019-04-01,1293343.14,1293343.14,,,0,0,0,0,0,0,2019-08-01,HSBC,GFT FINANCIAL LTD.,2019-08-01,0
2019-05-01,1277774.34,1277774.34,0,0,0,0,0,0,0,0,2019-08-01,HSBC,GFT FINANCIAL LTD.,2019-08-01,0
2019-06-01,1305356.12,1305356.12,,,0,0,0,0,0,0,2019-08-01,HSBC,GFT FINANCIAL LTD.,2019-08-01,0
2019-07-01,1440058.01,1440058.01,,,0,0,0,0,0,0,2019-08-01,HSBC,GFT FINANCIAL LTD.,2019-08-01,0
2019-08-01,1212872.98,1205604.99,,,0,0,0,0,0,0,2019-08-01,HSBC,GFT FINANCIAL LTD.,2019-08-01,0
2019-01-01,1405303.59,1405303.59,,,0,0,0,0,0,0,2019-09-01,HSBC,GFT FINANCIAL LTD.,2019-09-01,0
2019-02-01,1310236.88,1310236.88,,,0,0,0,0,0,0,2019-09-01,HSBC,GFT FINANCIAL LTD.,2019-09-01,0
2019-03-01,1401066.65,1401066.65,,,0,0,0,0,0,0,2019-09-01,HSBC,GFT FINANCIAL LTD.,2019-09-01,0
2019-04-01,1293343.14,1293343.14,,,0,0,0,0,0,0,2019-09-01,HSBC,GFT FINANCIAL LTD.,2019-09-01,0
2019-05-01,1277774.34,1277774.34,0,0,0,0,0,0,0,0,2019-09-01,HSBC,GFT FINANCIAL LTD.,2019-09-01,0
2019-06-01,1305356.12,1305356.12,,,0,0,0,0,0,0,2019-09-01,HSBC,GFT FINANCIAL LTD.,2019-09-01,0
2019-07-01,1440058.01,1440058.01,,,0,0,0,0,0,0,2019-09-01,HSBC,GFT FINANCIAL LTD.,2019-09-01,0
2019-08-01,1212872.98,1212872.98,,,0,0,0,0,0,0,2019-09-01,HSBC,GFT FINANCIAL LTD.,2019-09-01,0
2019-09-01,1291997.97,1291997.97,,,0,0,0,0,0,0,2019-09-01,HSBC,GFT FINANCIAL LTD.,2019-09-01,0
2019-01-01,1405303.59,1405303.59,,,0,0,0,0,0,0,2019-10-01,HSBC,GFT FINANCIAL LTD.,2019-10-01,0
2019-02-01,1310236.88,1310236.88,,,0,0,0,0,0,0,2019-10-01,HSBC,GFT FINANCIAL LTD.,2019-10-01,0
2019-03-01,1401066.65,1401066.65,,,0,0,0,0,0,0,2019-10-01,HSBC,GFT FINANCIAL LTD.,2019-10-01,0
2019-04-01,1293343.14,1293343.14,,,0,0,0,0,0,0,2019-10-01,HSBC,GFT FINANCIAL LTD.,2019-10-01,0
2019-05-01,1277774.34,1277774.34,0,0,0,0,0,0,0,0,2019-10-01,HSBC,GFT FINANCIAL LTD.,2019-10-01,0
2019-06-01,1305356.12,1305356.12,,,0,0,0,0,0,0,2019-10-01,HSBC,GFT FINANCIAL LTD.,2019-10-01,0
2019-07-01,1440058.01,1440058.01,,,0,0,0,0,0,0,2019-10-01,HSBC,GFT FINANCIAL LTD.,2019-10-01,0
2019-08-01,1212872.98,1212872.98,,,0,0,0,0,0,0,2019-10-01,HSBC,GFT FINANCIAL LTD.,2019-10-01,0
2019-09-01,1291997.97,1291997.97,,,0,0,0,0,0,0,2019-10-01,HSBC,GFT FINANCIAL LTD.,2019-10-01,0
2019-10-01,1466871.69,1466871.69,0,,0,0,0,0,0,0,2019-10-01,HSBC,GFT FINANCIAL LTD.,2019-10-01,0
2019-01-01,1405303.59,1405303.59,,,0,0,0,0,0,0,2019-11-01,HSBC,GFT FINANCIAL LTD.,2019-11-01,0
2019-02-01,1310236.88,1310236.88,,,0,0,0,0,0,0,2019-11-01,HSBC,GFT FINANCIAL LTD.,2019-11-01,0
2019-03-01,1401066.65,1401066.65,,,0,0,0,0,0,0,2019-11-01,HSBC,GFT FINANCIAL LTD.,2019-11-01,0
2019-04-01,1293343.14,1293343.14,,,0,0,0,0,0,0,2019-11-01,HSBC,GFT FINANCIAL LTD.,2019-11-01,0
2019-05-01,1277774.34,1277774.34,0,0,0,0,0,0,0,0,2019-11-01,HSBC,GFT FINANCIAL LTD.,2019-11-01,0
2019-06-01,1305356.12,1305356.12,,,0,0,0,0,0,0,2019-11-01,HSBC,GFT FINANCIAL LTD.,2019-11-01,0
2019-07-01,1440058.01,1440058.01,,,0,0,0,0,0,0,2019-11-01,HSBC,GFT FINANCIAL LTD.,2019-11-01,0
2019-08-01,1212872.98,1212872.98,,,0,0,0,0,0,0,2019-11-01,HSBC,GFT FINANCIAL LTD.,2019-11-01,0
2019-09-01,1291997.97,1291997.97,,,0,0,0,0,0,0,2019-11-01,HSBC,GFT FINANCIAL LTD.,2019-11-01,0
2019-10-01,1466871.69,1466871.69,0,,0,0,0,0,0,0,2019-11-01,HSBC,GFT FINANCIAL LTD.,2019-11-01,0
2019-11-01,1417747.57,1417747.57,,0,0,0,0,0,0,0,2019-11-01,HSBC,GFT FINANCIAL LTD.,2019-11-01,0
2020-01-01,1422489.995,1047885.142,374604.8537,0,0,0,0,0,0,0,2020-01-01,HSBC,GFT FINANCIAL LTD.,2020-01-01,0
2020-01-01,1511000,1511000,0,0,0,0,0,0,0,0,2020-02-01,HSBC,GFT FINANCIAL LTD.,2020-01-01,0
2020-02-01,1423323.24,1213218.93,210104.3105,0,0,0,0,0,0,0,2020-02-01,HSBC,GFT FINANCIAL LTD.,2020-01-01,0
2020-01-01,1511000,1511000,0,0,0,0,0,0,0,0,2020-02-01,HSBC,GFT FINANCIAL LTD.,2020-01-01,0
2020-02-01,1423323.24,1213218.93,210104.3105,0,0,0,0,0,0,0,2020-02-01,HSBC,GFT FINANCIAL LTD.,2020-01-01,0
2019-01-01,4044960.804,4044960.804,0,0,0,0,0,0,0,,2019-01-01,DB UK (EUR),GFT FINANCIAL LTD.,2019-01-01,60779.95
2019-01-01,4001300.637,4001300.637,0,0,0,0,0,0,0,,2019-02-01,DB UK (EUR),GFT FINANCIAL LTD.,2019-01-01,0
2019-02-01,3964969.949,3964969.949,0,0,0,0,0,0,0,,2019-02-01,DB UK (EUR),GFT FINANCIAL LTD.,2019-01-01,0
2019-01-01,4447428.444,4447428.444,0,0,0,0,0,0,0,,2019-03-01,DB UK (EUR),GFT FINANCIAL LTD.,2019-01-01,0
2019-02-01,4378840.928,4378840.928,0,0,0,0,0,0,0,,2019-03-01,DB UK (EUR),GFT FINANCIAL LTD.,2019-01-01,0
2019-03-01,3961324.067,3961324.067,0,0,0,0,0,0,0,,2019-03-01,DB UK (EUR),GFT FINANCIAL LTD.,2019-01-01,0
2019-01-01,3925733.71,3925733.71,0,0,0,0,0,0,0,,2019-04-01,DB UK (EUR),GFT FINANCIAL LTD.,2019-04-01,0
2019-02-01,3952122.836,3952122.836,0,0,0,0,0,0,0,,2019-04-01,DB UK (EUR),GFT FINANCIAL LTD.,2019-04-01,0
2019-03-01,3739010.939,3739010.939,0,0,0,0,0,0,0,,2019-04-01,DB UK (EUR),GFT FINANCIAL LTD.,2019-04-01,0
2019-04-01,3254017.048,3254017.048,0,0,0,0,0,0,0,,2019-04-01,DB UK (EUR),GFT FINANCIAL LTD.,2019-04-01,0
2019-01-01,3912590.923,3912590.923,0,0,0,0,0,0,0,,2019-05-01,DB UK (EUR),GFT FINANCIAL LTD.,2019-04-01,0
2019-02-01,3937278.908,3937278.908,0,0,0,0,0,0,0,,2019-05-01,DB UK (EUR),GFT FINANCIAL LTD.,2019-04-01,0
2019-03-01,3733927.474,3733927.474,0,0,0,0,0,0,0,,2019-05-01,DB UK (EUR),GFT FINANCIAL LTD.,2019-04-01,0
2019-04-01,3289257.86,3289257.86,0,0,0,0,0,0,0,,2019-05-01,DB UK (EUR),GFT FINANCIAL LTD.,2019-04-01,0
2019-05-01,3938110.27,3938110.27,0,0,0,0,0,0,0,,2019-05-01,DB UK (EUR),GFT FINANCIAL LTD.,2019-04-01,0
2019-01-01,3874864.439,3874864.439,0,0,0,0,0,0,0,,2019-06-01,DB UK (EUR),GFT FINANCIAL LTD.,2019-04-01,0
2019-02-01,3918147.462,3918147.462,0,0,0,0,0,0,0,,2019-06-01,DB UK (EUR),GFT FINANCIAL LTD.,2019-04-01,0
2019-03-01,3734097.832,3734097.832,0,0,0,0,0,0,0,,2019-06-01,DB UK (EUR),GFT FINANCIAL LTD.,2019-04-01,0
2019-04-01,3299790.244,3299790.244,0,0,0,0,0,0,0,,2019-06-01,DB UK (EUR),GFT FINANCIAL LTD.,2019-04-01,0
2019-05-01,3930803.424,3930803.424,0,0,0,0,0,0,0,,2019-06-01,DB UK (EUR),GFT FINANCIAL LTD.,2019-04-01,0
2019-06-01,3336984.761,3336984.761,0,0,0,0,0,0,0,,2019-06-01,DB UK (EUR),GFT FINANCIAL LTD.,2019-04-01,0
2019-01-01,3876615.784,3876615.784,0,0,0,0,0,0,0,,2019-07-01,DB UK (EUR),GFT FINANCIAL LTD.,2019-04-01,0
2019-02-01,3921374.383,3921374.383,0,0,0,0,0,0,0,,2019-07-01,DB UK (EUR),GFT FINANCIAL LTD.,2019-04-01,0
2019-03-01,3737359.618,3737359.618,0,0,0,0,0,0,0,,2019-07-01,DB UK (EUR),GFT FINANCIAL LTD.,2019-04-01,0
2019-04-01,3313810.168,3313810.168,0,0,0,0,0,0,0,,2019-07-01,DB UK (EUR),GFT FINANCIAL LTD.,2019-04-01,0
2019-05-01,3925784.919,3925784.919,0,0,0,0,0,0,0,,2019-07-01,DB UK (EUR),GFT FINANCIAL LTD.,2019-04-01,0
2019-06-01,3331837.333,3331837.333,0,0,0,0,0,0,0,,2019-07-01,DB UK (EUR),GFT FINANCIAL LTD.,2019-04-01,0
2019-07-01,3812219.254,3812219.254,0,0,0,0,0,0,0,,2019-07-01,DB UK (EUR),GFT FINANCIAL LTD.,2019-04-01,0
2019-01-01,3876359.343,3876359.343,0,0,0,0,0,0,0,,2019-08-01,DB UK (EUR),GFT FINANCIAL LTD.,2019-04-01,0
2019-02-01,3922578.75,3922578.75,0,0,0,0,0,0,0,,2019-08-01,DB UK (EUR),GFT FINANCIAL LTD.,2019-04-01,0
2019-03-01,3738924.5,3738924.5,0,0,0,0,0,0,0,,2019-08-01,DB UK (EUR),GFT FINANCIAL LTD.,2019-04-01,0
2019-04-01,3312955.605,3312955.605,0,0,0,0,0,0,0,,2019-08-01,DB UK (EUR),GFT FINANCIAL LTD.,2019-04-01,0
2019-05-01,3931595.705,3931595.705,0,0,0,0,0,0,0,,2019-08-01,DB UK (EUR),GFT FINANCIAL LTD.,2019-04-01,0
2019-06-01,3339491.763,3339491.763,0,0,0,0,0,0,0,,2019-08-01,DB UK (EUR),GFT FINANCIAL LTD.,2019-04-01,0
2019-07-01,3801090.572,3801090.572,0,0,0,0,0,0,0,,2019-08-01,DB UK (EUR),GFT FINANCIAL LTD.,2019-04-01,0
2019-08-01,3053881.922,3039967.742,12260.7,1653.48,0,0,0,0,0,,2019-08-01,DB UK (EUR),GFT FINANCIAL LTD.,2019-04-01,0
2019-01-01,3876180.288,3876180.288,0,0,0,0,0,0,0,,2019-09-01,DB UK (EUR),GFT FINANCIAL LTD.,2019-04-01,0
2019-02-01,3922360.882,3922360.882,0,0,0,0,0,0,0,,2019-09-01,DB UK (EUR),GFT FINANCIAL LTD.,2019-04-01,0
2019-03-01,3738676.335,3738676.335,0,0,0,0,0,0,0,,2019-09-01,DB UK (EUR),GFT FINANCIAL LTD.,2019-04-01,0
2019-04-01,3312058.547,3312058.547,0,0,0,0,0,0,0,,2019-09-01,DB UK (EUR),GFT FINANCIAL LTD.,2019-04-01,0
2019-05-01,3924069.675,3924069.675,0,0,0,0,0,0,0,,2019-09-01,DB UK (EUR),GFT FINANCIAL LTD.,2019-04-01,0
2019-06-01,3326428.12,3326428.12,0,0,0,0,0,0,0,,2019-09-01,DB UK (EUR),GFT FINANCIAL LTD.,2019-04-01,0
2019-07-01,3781617.75,3781617.75,0,0,0,0,0,0,0,,2019-09-01,DB UK (EUR),GFT FINANCIAL LTD.,2019-04-01,0
2019-08-01,3028206.344,3028206.344,0,0,0,0,0,0,0,,2019-09-01,DB UK (EUR),GFT FINANCIAL LTD.,2019-04-01,0
2019-09-01,3406447.122,3406447.122,0,0,0,0,0,0,0,,2019-09-01,DB UK (EUR),GFT FINANCIAL LTD.,2019-04-01,0
2019-01-01,3876342.476,3876342.476,0,0,0,0,0,0,0,,2019-10-01,DB UK (EUR),GFT FINANCIAL LTD.,2019-04-01,0
2019-02-01,3922487.597,3922487.597,0,0,0,0,0,0,0,,2019-10-01,DB UK (EUR),GFT FINANCIAL LTD.,2019-04-01,0
2019-03-01,3738789.825,3738789.825,0,0,0,0,0,0,0,,2019-10-01,DB UK (EUR),GFT FINANCIAL LTD.,2019-04-01,0
2019-04-01,3313383.677,3313383.677,0,0,0,0,0,0,0,,2019-10-01,DB UK (EUR),GFT FINANCIAL LTD.,2019-04-01,0
2019-05-01,3924787.001,3924787.001,0,0,0,0,0,0,0,,2019-10-01,DB UK (EUR),GFT FINANCIAL LTD.,2019-04-01,0
2019-06-01,3328427.059,3328427.059,0,0,0,0,0,0,0,,2019-10-01,DB UK (EUR),GFT FINANCIAL LTD.,2019-04-01,0
2019-07-01,3773970.577,3773970.577,0,0,0,0,0,0,0,,2019-10-01,DB UK (EUR),GFT FINANCIAL LTD.,2019-04-01,0
2019-08-01,3018152.843,3018152.843,0,0,0,0,0,0,0,,2019-10-01,DB UK (EUR),GFT FINANCIAL LTD.,2019-04-01,0
2019-09-01,3400057.218,3400057.218,0,0,0,0,0,0,0,,2019-10-01,DB UK (EUR),GFT FINANCIAL LTD.,2019-04-01,0
2019-10-01,3740586.729,3740586.729,0,0,0,0,0,0,0,,2019-10-01,DB UK (EUR),GFT FINANCIAL LTD.,2019-04-01,0
2019-01-01,3876384.928,3876384.928,0,0,0,0,0,0,0,,2019-11-01,DB UK (EUR),GFT FINANCIAL LTD.,2019-04-01,0
2019-02-01,3922516.722,3922516.722,0,0,0,0,0,0,0,,2019-11-01,DB UK (EUR),GFT FINANCIAL LTD.,2019-04-01,0
2019-03-01,3738836.757,3738836.757,0,0,0,0,0,0,0,,2019-11-01,DB UK (EUR),GFT FINANCIAL LTD.,2019-04-01,0
2019-04-01,3313471.456,3313471.456,0,0,0,0,0,0,0,,2019-11-01,DB UK (EUR),GFT FINANCIAL LTD.,2019-04-01,0
2019-05-01,3925741.071,3925741.071,0,0,0,0,0,0,0,,2019-11-01,DB UK (EUR),GFT FINANCIAL LTD.,2019-04-01,0
2019-06-01,3356523.708,3356523.708,0,0,0,0,0,0,0,,2019-11-01,DB UK (EUR),GFT FINANCIAL LTD.,2019-04-01,0
2019-07-01,3792946.721,3792946.721,0,0,0,0,0,0,0,,2019-11-01,DB UK (EUR),GFT FINANCIAL LTD.,2019-04-01,0
2019-08-01,3035569.519,3035569.519,0,0,0,0,0,0,0,,2019-11-01,DB UK (EUR),GFT FINANCIAL LTD.,2019-04-01,0
2019-09-01,3424125.912,3424125.912,0,0,0,0,0,0,0,,2019-11-01,DB UK (EUR),GFT FINANCIAL LTD.,2019-04-01,0
2019-10-01,3639584.469,3639584.469,0,0,0,0,0,0,0,,2019-11-01,DB UK (EUR),GFT FINANCIAL LTD.,2019-04-01,0
2019-11-01,3359430.777,3359430.777,0,0,0,0,0,0,0,,2019-11-01,DB UK (EUR),GFT FINANCIAL LTD.,2019-04-01,0
2020-01-01,3317025.34,3317025.34,0,0,0,0,0,0,0,0,2020-02-01,DB UK (EUR),GFT FINANCIAL LTD.,2020-01-01,0
2020-02-01,3108086.386,3094704.507,0,27247.71216,0,-108865.8337,35000,60000,0,0,2020-02-01,DB UK (EUR),GFT FINANCIAL LTD.,2020-01-01,0
2020-01-01,2973921.304,2973921.304,0,0,0,0,0,0,0,0,2020-03-01,DB UK (EUR),GFT FINANCIAL LTD.,2020-02-01,0
2020-02-01,3295629.96,3295629.96,,,,,,,,0,2020-03-01,DB UK (EUR),GFT FINANCIAL LTD.,2020-02-01,0
2020-03-01,3325430.512,3347028.937,0,0,0,-86598.42545,20000,45000,0,0,2020-03-01,DB UK (EUR),GFT FINANCIAL LTD.,2020-02-01,0
2019-01-01,512308,512308,0,0,0,0,0,0,0,0,2019-02-01,CU CITI,GFT FINANCIAL LTD.,2019-01-01,0
2019-02-01,462211.5099,462211.5099,0,0,0,0,0,0,0,0,2019-02-01,CU CITI,GFT FINANCIAL LTD.,2019-01-01,0
2019-01-01,512308,512308,0,0,0,0,0,0,0,0,2019-02-01,CU CITI,GFT FINANCIAL LTD.,2019-01-01,0
2019-02-01,462211.5099,462211.5099,0,0,0,0,0,0,0,0,2019-02-01,CU CITI,GFT FINANCIAL LTD.,2019-01-01,0
2019-01-01,512284.71,512284.71,0,0,0,0,0,0,0,0,2019-04-01,CU CITI,GFT FINANCIAL LTD.,2019-01-01,0
2019-02-01,479535.73,479535.73,0,0,0,0,0,0,0,0,2019-04-01,CU CITI,GFT FINANCIAL LTD.,2019-01-01,0
2019-03-01,470108.69,470108.69,0,0,0,0,0,0,0,0,2019-04-01,CU CITI,GFT FINANCIAL LTD.,2019-01-01,0
2019-04-01,455000,439497.6598,0,0,0,0,0,0,0,0,2019-04-01,CU CITI,GFT FINANCIAL LTD.,2019-01-01,0
2019-01-01,512284.71,512284.71,0,0,0,0,0,0,0,0,2019-05-01,CU CITI,GFT FINANCIAL LTD.,2019-01-01,0
2019-02-01,479535.73,479535.73,0,0,0,0,0,0,0,0,2019-05-01,CU CITI,GFT FINANCIAL LTD.,2019-01-01,0
2019-03-01,470108.69,470108.69,0,0,0,0,0,0,0,0,2019-05-01,CU CITI,GFT FINANCIAL LTD.,2019-01-01,0
2019-04-01,455000.2,455000.2,0,0,0,0,0,0,0,0,2019-05-01,CU CITI,GFT FINANCIAL LTD.,2019-01-01,0
2019-05-01,440377.38,440377.38,0,0,0,0,0,0,0,0,2019-05-01,CU CITI,GFT FINANCIAL LTD.,2019-01-01,0
2019-01-01,512284.71,512284.71,0,0,0,0,0,0,0,0,2019-06-01,CU CITI,GFT FINANCIAL LTD.,2019-01-01,0
2019-02-01,479535.73,479535.73,0,0,0,0,0,0,0,0,2019-06-01,CU CITI,GFT FINANCIAL LTD.,2019-01-01,0
2019-03-01,470108.69,470108.69,0,0,0,0,0,0,0,0,2019-06-01,CU CITI,GFT FINANCIAL LTD.,2019-01-01,0
2019-04-01,455000.2,455000.2,0,0,0,0,0,0,0,0,2019-06-01,CU CITI,GFT FINANCIAL LTD.,2019-01-01,0
2019-05-01,440377.38,440377.38,0,0,0,0,0,0,0,0,2019-06-01,CU CITI,GFT FINANCIAL LTD.,2019-01-01,0
2019-06-01,419371.89,419371.89,0,0,0,0,0,0,0,0,2019-06-01,CU CITI,GFT FINANCIAL LTD.,2019-01-01,0
2019-01-01,512284.71,512284.71,0,0,0,0,0,0,0,0,2019-09-01,CU CITI,GFT FINANCIAL LTD.,2019-01-01,23887.5
2019-02-01,479535.73,479535.73,0,0,0,0,0,0,0,0,2019-09-01,CU CITI,GFT FINANCIAL LTD.,2019-01-01,23887.5
2019-03-01,470108.69,470108.69,0,0,0,0,0,0,0,0,2019-09-01,CU CITI,GFT FINANCIAL LTD.,2019-01-01,23887.5
2019-04-01,455000.2,455000.2,0,0,0,0,0,0,0,0,2019-09-01,CU CITI,GFT FINANCIAL LTD.,2019-01-01,23887.5
2019-05-01,440377.38,440377.38,0,0,0,0,0,0,0,0,2019-09-01,CU CITI,GFT FINANCIAL LTD.,2019-01-01,23887.5
2019-06-01,419371.89,419371.89,0,0,0,0,0,0,0,0,2019-09-01,CU CITI,GFT FINANCIAL LTD.,2019-01-01,23887.5
2019-07-01,514016.68,514016.68,0,0,0,0,0,0,0,0,2019-09-01,CU CITI,GFT FINANCIAL LTD.,2019-01-01,23887.5
2019-08-01,411602.18,411602.18,0,884.7945,0,0,0,0,0,0,2019-09-01,CU CITI,GFT FINANCIAL LTD.,2019-01-01,23887.5
2019-09-01,340000,285153.01,0,0,0,0,0,0,0,0,2019-09-01,CU CITI,GFT FINANCIAL LTD.,2019-01-01,23887.5
2019-01-01,512284.71,512284.71,0,0,0,0,0,0,0,0,2019-10-01,CU CITI,GFT FINANCIAL LTD.,2019-01-01,0
2019-02-01,479535.73,479535.73,0,0,0,0,0,0,0,0,2019-10-01,CU CITI,GFT FINANCIAL LTD.,2019-01-01,0
2019-03-01,470108.69,470108.69,0,0,0,0,0,0,0,0,2019-10-01,CU CITI,GFT FINANCIAL LTD.,2019-01-01,0
2019-04-01,455000.2,455000.2,0,0,0,0,0,0,0,0,2019-10-01,CU CITI,GFT FINANCIAL LTD.,2019-01-01,0
2019-05-01,440377.38,440377.38,0,0,0,0,0,0,0,0,2019-10-01,CU CITI,GFT FINANCIAL LTD.,2019-01-01,0
2019-06-01,419371.89,419371.89,0,0,0,0,0,0,0,0,2019-10-01,CU CITI,GFT FINANCIAL LTD.,2019-01-01,0
2019-07-01,514016.68,514016.68,0,0,0,0,0,0,0,0,2019-10-01,CU CITI,GFT FINANCIAL LTD.,2019-01-01,0
2019-08-01,411602.18,411602.18,0,0,0,0,0,0,0,0,2019-10-01,CU CITI,GFT FINANCIAL LTD.,2019-01-01,0
2019-09-01,339812.56,339812.56,0,0,0,0,0,0,0,0,2019-10-01,CU CITI,GFT FINANCIAL LTD.,2019-01-01,0
2019-10-01,542198.02,542198.02,0,0,0,0,0,0,0,0,2019-10-01,CU CITI,GFT FINANCIAL LTD.,2019-01-01,0
2019-01-01,512284.71,512284.71,0,0,0,0,0,0,0,0,2019-11-01,CU CITI,GFT FINANCIAL LTD.,2019-01-01,0
2019-02-01,479535.73,479535.73,0,0,0,0,0,0,0,0,2019-11-01,CU CITI,GFT FINANCIAL LTD.,2019-01-01,0
2019-03-01,470108.69,470108.69,0,0,0,0,0,0,0,0,2019-11-01,CU CITI,GFT FINANCIAL LTD.,2019-01-01,0
2019-04-01,455000.2,455000.2,0,0,0,0,0,0,0,0,2019-11-01,CU CITI,GFT FINANCIAL LTD.,2019-01-01,0
2019-05-01,440377.38,440377.38,0,0,0,0,0,0,0,0,2019-11-01,CU CITI,GFT FINANCIAL LTD.,2019-01-01,0
2019-06-01,419371.89,419371.89,0,0,0,0,0,0,0,0,2019-11-01,CU CITI,GFT FINANCIAL LTD.,2019-01-01,0
2019-07-01,514016.68,514016.68,0,0,0,0,0,0,0,0,2019-11-01,CU CITI,GFT FINANCIAL LTD.,2019-01-01,0
2019-08-01,411602.18,411602.18,0,0,0,0,0,0,0,0,2019-11-01,CU CITI,GFT FINANCIAL LTD.,2019-01-01,0
2019-09-01,339812.56,339812.56,0,0,0,0,0,0,0,0,2019-11-01,CU CITI,GFT FINANCIAL LTD.,2019-01-01,0
2019-10-01,543754.01,543754.01,0,0,0,0,0,0,0,0,2019-11-01,CU CITI,GFT FINANCIAL LTD.,2019-01-01,0
2019-11-01,518490.67,518490.67,0,0,0,0,0,0,0,0,2019-11-01,CU CITI,GFT FINANCIAL LTD.,2019-01-01,0
2020-01-01,581342.2877,428791.1231,152551.1645,0,0,0,0,0,0,0,2020-01-01,CU CITI,GFT FINANCIAL LTD.,2020-01-01,0
2020-01-01,540500.67,540500.67,0,0,0,0,0,0,0,0,2020-02-01,CU CITI,GFT FINANCIAL LTD.,2020-01-01,0
2020-02-01,623741.3188,623741.3188,0,0,0,0,0,0,0,0,2020-02-01,CU CITI,GFT FINANCIAL LTD.,2020-01-01,0
2020-01-01,557558.43,557558.43,0,0,0,0,0,0,0,0,2020-03-01,CU CITI,GFT FINANCIAL LTD.,2020-01-01,0
2020-02-01,634821.95,634821.95,0,0,0,0,0,0,0,0,2020-03-01,CU CITI,GFT FINANCIAL LTD.,2020-01-01,0
2020-03-01,610191.0689,606490.404,3700.664925,0,0,0,0,0,0,0,2020-03-01,CU CITI,GFT FINANCIAL LTD.,2020-01-01,0
2019-01-01,1419347.77,1309760.64,0,0,0,0,0,0,0,-9681.78,2019-03-01,CU FS EMC,GFT FINANCIAL LTD.,2019-01-01,0
2019-02-01,1170675.12,1059935.27,0,0,0,0,0,0,0,-7798,2019-03-01,CU FS EMC,GFT FINANCIAL LTD.,2019-01-01,0
2019-03-01,969662.44,866143.89,0,0,0,0,0,0,0,-7760.9296,2019-03-01,CU FS EMC,GFT FINANCIAL LTD.,2019-01-01,0
2019-01-01,1309760.64,1309760.64,0,0,0,0,0,0,0,-9681.78,2019-04-01,CU FS EMC,GFT FINANCIAL LTD.,2019-01-01,-53320.5392
2019-02-01,1059935.27,1059935.27,0,0,0,0,0,0,0,-7798,2019-04-01,CU FS EMC,GFT FINANCIAL LTD.,2019-01-01,-53320.5392
2019-03-01,866143.89,866143.89,0,0,0,0,0,0,0,-7760.9296,2019-04-01,CU FS EMC,GFT FINANCIAL LTD.,2019-01-01,-53320.5392
2019-04-01,868732.57,812440.8601,0,0,0,0,0,0,0,-5158.0368,2019-04-01,CU FS EMC,GFT FINANCIAL LTD.,2019-01-01,-53320.5392
2019-01-01,1309760.64,1309760.64,0,0,0,0,0,0,0,-9681.78,2019-05-01,CU FS EMC,GFT FINANCIAL LTD.,2019-01-01,0
2019-02-01,1059935.27,1059935.27,0,0,0,0,0,0,0,-7798,2019-05-01,CU FS EMC,GFT FINANCIAL LTD.,2019-01-01,0
2019-03-01,866143.89,866143.89,0,0,0,0,0,0,0,-7760.9296,2019-05-01,CU FS EMC,GFT FINANCIAL LTD.,2019-01-01,0
2019-04-01,868732.57,868732.57,0,0,0,0,0,0,0,-5158.0368,2019-05-01,CU FS EMC,GFT FINANCIAL LTD.,2019-01-01,0
2019-05-01,997511.85,997511.85,0,0,0,0,0,0,0,-3095.0368,2019-05-01,CU FS EMC,GFT FINANCIAL LTD.,2019-01-01,0
2019-01-01,1309760.64,1309760.64,0,0,0,0,0,0,0,-9681.78,2019-06-01,CU FS EMC,GFT FINANCIAL LTD.,2019-01-01,-77820.428
2019-02-01,1059935.27,1059935.27,0,0,0,0,0,0,0,-7798,2019-06-01,CU FS EMC,GFT FINANCIAL LTD.,2019-01-01,-77820.428
2019-03-01,866143.89,866143.89,0,0,0,0,0,0,0,-7760.9296,2019-06-01,CU FS EMC,GFT FINANCIAL LTD.,2019-01-01,-77820.428
2019-04-01,868732.57,868732.57,0,0,0,0,0,0,0,-5158.0368,2019-06-01,CU FS EMC,GFT FINANCIAL LTD.,2019-01-01,-77820.428
2019-05-01,997511.85,997511.85,0,0,0,0,0,0,0,-3095.0368,2019-06-01,CU FS EMC,GFT FINANCIAL LTD.,2019-01-01,-77820.428
2019-06-01,1105280,1105280,0,0,0,0,0,0,0,-2759.144,2019-06-01,CU FS EMC,GFT FINANCIAL LTD.,2019-01-01,-77820.428
2019-01-01,1309760.64,1309760.64,0,0,0,0,0,0,0,0,2019-07-01,CU FS EMC,GFT FINANCIAL LTD.,2019-01-01,0
2019-02-01,1059935.27,1059935.27,0,0,0,0,0,0,0,0,2019-07-01,CU FS EMC,GFT FINANCIAL LTD.,2019-01-01,0
2019-03-01,866143.89,866143.89,0,0,0,0,0,0,0,0,2019-07-01,CU FS EMC,GFT FINANCIAL LTD.,2019-01-01,0
2019-04-01,868732.57,868732.57,0,0,0,0,0,0,0,0,2019-07-01,CU FS EMC,GFT FINANCIAL LTD.,2019-01-01,0
2019-05-01,997511.85,997511.85,0,0,0,0,0,0,0,0,2019-07-01,CU FS EMC,GFT FINANCIAL LTD.,2019-01-01,0
2019-06-01,1067798.57,1067798.57,0,0,0,0,0,0,0,0,2019-07-01,CU FS EMC,GFT FINANCIAL LTD.,2019-01-01,0
2019-07-01,1144476.69,1144476.69,0,0,0,0,0,0,0,0,2019-07-01,CU FS EMC,GFT FINANCIAL LTD.,2019-01-01,0
2019-01-01,1309760.64,1309760.64,0,0,0,0,0,0,0,0,2019-09-01,CU FS EMC,GFT FINANCIAL LTD.,2019-01-01,0
2019-02-01,1059935.27,1059935.27,0,0,0,0,0,0,0,0,2019-09-01,CU FS EMC,GFT FINANCIAL LTD.,2019-01-01,0
2019-03-01,866143.89,866143.89,0,0,0,0,0,0,0,0,2019-09-01,CU FS EMC,GFT FINANCIAL LTD.,2019-01-01,0
2019-04-01,868732.57,868732.57,0,0,0,0,0,0,0,0,2019-09-01,CU FS EMC,GFT FINANCIAL LTD.,2019-01-01,0
2019-05-01,997511.85,997511.85,0,0,0,0,0,0,0,0,2019-09-01,CU FS EMC,GFT FINANCIAL LTD.,2019-01-01,0
2019-06-01,1067798.57,1067798.57,0,0,0,0,0,0,0,0,2019-09-01,CU FS EMC,GFT FINANCIAL LTD.,2019-01-01,0
2019-07-01,1173916.89,1173916.89,0,0,0,0,0,0,0,0,2019-09-01,CU FS EMC,GFT FINANCIAL LTD.,2019-01-01,0
2019-08-01,926752,926752,0,0,0,0,0,0,0,0,2019-09-01,CU FS EMC,GFT FINANCIAL LTD.,2019-01-01,0
2019-09-01,1037649.34,1037649.34,0,0,0,0,0,0,0,0,2019-09-01,CU FS EMC,GFT FINANCIAL LTD.,2019-01-01,0
2019-01-01,1309760.64,1309760.64,0,0,0,0,0,0,0,0,2019-10-01,CU FS EMC,GFT FINANCIAL LTD.,2019-01-01,0
2019-02-01,1059935.27,1059935.27,0,0,0,0,0,0,0,0,2019-10-01,CU FS EMC,GFT FINANCIAL LTD.,2019-01-01,0
2019-03-01,866143.89,866143.89,0,0,0,0,0,0,0,0,2019-10-01,CU FS EMC,GFT FINANCIAL LTD.,2019-01-01,0
2019-04-01,868732.57,868732.57,0,0,0,0,0,0,0,0,2019-10-01,CU FS EMC,GFT FINANCIAL LTD.,2019-01-01,0
2019-05-01,997511.85,997511.85,0,0,0,0,0,0,0,0,2019-10-01,CU FS EMC,GFT FINANCIAL LTD.,2019-01-01,0
2019-06-01,1067798.57,1067798.57,0,0,0,0,0,0,0,0,2019-10-01,CU FS EMC,GFT FINANCIAL LTD.,2019-01-01,0
2019-07-01,1173916.89,1173916.89,0,0,0,0,0,0,0,0,2019-10-01,CU FS EMC,GFT FINANCIAL LTD.,2019-01-01,0
2019-08-01,926752,926752,0,0,0,0,0,0,0,0,2019-10-01,CU FS EMC,GFT FINANCIAL LTD.,2019-01-01,0
2019-09-01,1086700.99,1086700.99,0,0,0,0,0,0,0,0,2019-10-01,CU FS EMC,GFT FINANCIAL LTD.,2019-01-01,0
2019-10-01,1355530.31,1355530.31,0,0,0,0,0,0,0,0,2019-10-01,CU FS EMC,GFT FINANCIAL LTD.,2019-01-01,0
2019-01-01,1309760.64,1309760.64,0,0,0,0,0,0,0,0,2019-11-01,CU FS EMC,GFT FINANCIAL LTD.,2019-01-01,0
2019-02-01,1059935.27,1059935.27,0,0,0,0,0,0,0,0,2019-11-01,CU FS EMC,GFT FINANCIAL LTD.,2019-01-01,0
2019-03-01,866143.89,866143.89,0,0,0,0,0,0,0,0,2019-11-01,CU FS EMC,GFT FINANCIAL LTD.,2019-01-01,0
2019-04-01,868732.57,868732.57,0,0,0,0,0,0,0,0,2019-11-01,CU FS EMC,GFT FINANCIAL LTD.,2019-01-01,0
2019-05-01,997511.85,997511.85,0,0,0,0,0,0,0,0,2019-11-01,CU FS EMC,GFT FINANCIAL LTD.,2019-01-01,0
2019-06-01,1067798.57,1067798.57,0,0,0,0,0,0,0,0,2019-11-01,CU FS EMC,GFT FINANCIAL LTD.,2019-01-01,0
2019-07-01,1173916.89,1173916.89,0,0,0,0,0,0,0,0,2019-11-01,CU FS EMC,GFT FINANCIAL LTD.,2019-01-01,0
2019-08-01,926752,926752,0,0,0,0,0,0,0,0,2019-11-01,CU FS EMC,GFT FINANCIAL LTD.,2019-01-01,0
2019-09-01,1086700.99,1086700.99,0,0,0,0,0,0,0,0,2019-11-01,CU FS EMC,GFT FINANCIAL LTD.,2019-01-01,0
2019-10-01,1342768.98,1342768.98,0,0,0,0,0,0,0,0,2019-11-01,CU FS EMC,GFT FINANCIAL LTD.,2019-01-01,0
2019-11-01,1250253.74,1250253.74,0,0,0,0,0,0,0,0,2019-11-01,CU FS EMC,GFT FINANCIAL LTD.,2019-01-01,0
2020-01-01,963728.6648,664527.1188,272949.4558,26252.09025,0,0,0,0,0,0,2020-01-01,CU FS EMC,GFT FINANCIAL LTD.,2019-01-01,0
2020-01-01,1196634.88,1196634.88,0,0,0,0,0,0,0,0,2020-02-01,CU FS EMC,GFT FINANCIAL LTD.,2019-01-01,0
2020-02-01,1026633.578,1004714.533,21919.04505,0,0,0,0,0,0,0,2020-02-01,CU FS EMC,GFT FINANCIAL LTD.,2019-01-01,0
2020-01-01,1116166.41,1116166.41,0,0,0,0,0,0,0,0,2020-03-01,CU FS EMC,GFT FINANCIAL LTD.,2019-01-01,0
2020-02-01,1075986.12,1075986.12,0,0,0,0,0,0,0,0,2020-03-01,CU FS EMC,GFT FINANCIAL LTD.,2019-01-01,0
2020-03-01,1060019.024,1007169.375,48419.39922,4430.25,0,0,0,0,0,0,2020-03-01,CU FS EMC,GFT FINANCIAL LTD.,2019-01-01,0
2019-01-01,24860,24860,0,0,0,0,0,0,0,0,2019-01-01,CU RBS,GFT FINANCIAL LTD.,2019-01-01,0
2019-01-01,24860,24860,0,0,0,0,0,0,0,0,2019-02-01,CU RBS,GFT FINANCIAL LTD.,2019-01-01,0
2019-02-01,0,0,0,0,0,0,0,0,0,0,2019-02-01,CU RBS,GFT FINANCIAL LTD.,2019-01-01,0
2019-01-01,24881,24881,0,0,0,0,0,0,0,0,2019-03-01,CU RBS,GFT FINANCIAL LTD.,2019-01-01,0
2019-02-01,259,259,0,0,0,0,0,0,0,0,2019-03-01,CU RBS,GFT FINANCIAL LTD.,2019-01-01,0
2019-03-01,0,0,0,0,0,0,0,0,0,0,2019-03-01,CU RBS,GFT FINANCIAL LTD.,2019-01-01,0
2019-01-01,24881,24881,0,0,0,0,0,0,0,0,2019-04-01,CU RBS,GFT FINANCIAL LTD.,2019-01-01,0
2019-02-01,259,259,0,0,0,0,0,0,0,0,2019-04-01,CU RBS,GFT FINANCIAL LTD.,2019-01-01,0
2019-03-01,0,0,0,0,0,0,0,0,0,0,2019-04-01,CU RBS,GFT FINANCIAL LTD.,2019-01-01,0
2019-04-01,68697.04,55942.2198,0,0,0,0,0,0,0,0,2019-04-01,CU RBS,GFT FINANCIAL LTD.,2019-01-01,0
2019-01-01,24881,24881,0,0,0,0,0,0,0,0,2019-05-01,CU RBS,GFT FINANCIAL LTD.,2019-01-01,0
2019-02-01,259,259,0,0,0,0,0,0,0,0,2019-05-01,CU RBS,GFT FINANCIAL LTD.,2019-01-01,0
2019-03-01,0,0,0,0,0,0,0,0,0,0,2019-05-01,CU RBS,GFT FINANCIAL LTD.,2019-01-01,0
2019-04-01,68697.04,68697.04,0,0,0,0,0,0,0,0,2019-05-01,CU RBS,GFT FINANCIAL LTD.,2019-01-01,0
2019-05-01,81017.31,73352.31,0,0,0,0,0,0,0,0,2019-05-01,CU RBS,GFT FINANCIAL LTD.,2019-01-01,0
2019-01-01,24881,24881,0,0,0,0,0,0,0,0,2019-06-01,CU RBS,GFT FINANCIAL LTD.,2019-01-01,0
2019-02-01,259,259,0,0,0,0,0,0,0,0,2019-06-01,CU RBS,GFT FINANCIAL LTD.,2019-01-01,0
2019-03-01,0,0,0,0,0,0,0,0,0,0,2019-06-01,CU RBS,GFT FINANCIAL LTD.,2019-01-01,0
2019-04-01,68697.04,68697.04,0,0,0,0,0,0,0,0,2019-06-01,CU RBS,GFT FINANCIAL LTD.,2019-01-01,0
2019-05-01,81017.31,81017.31,0,0,0,0,0,0,0,0,2019-06-01,CU RBS,GFT FINANCIAL LTD.,2019-01-01,0
2019-06-01,104700.65,104700.65,0,0,0,0,0,0,0,0,2019-06-01,CU RBS,GFT FINANCIAL LTD.,2019-01-01,0
2019-01-01,24881,24881,0,0,0,0,0,0,0,0,2019-07-01,CU RBS,GFT FINANCIAL LTD.,2019-01-01,0
2019-02-01,259,259,0,0,0,0,0,0,0,0,2019-07-01,CU RBS,GFT FINANCIAL LTD.,2019-01-01,0
2019-03-01,0,0,0,0,0,0,0,0,0,0,2019-07-01,CU RBS,GFT FINANCIAL LTD.,2019-01-01,0
2019-04-01,68697.04,68697.04,0,0,0,0,0,0,0,0,2019-07-01,CU RBS,GFT FINANCIAL LTD.,2019-01-01,0
2019-05-01,81017.31,81017.31,0,0,0,0,0,0,0,0,2019-07-01,CU RBS,GFT FINANCIAL LTD.,2019-01-01,0
2019-06-01,89535.65,89535.65,0,0,0,0,0,0,0,0,2019-07-01,CU RBS,GFT FINANCIAL LTD.,2019-01-01,0
2019-07-01,108621.41,108621.41,0,0,0,0,0,0,0,0,2019-07-01,CU RBS,GFT FINANCIAL LTD.,2019-01-01,0
2019-01-01,24881,24881,0,0,0,0,0,0,0,0,2019-09-01,CU RBS,GFT FINANCIAL LTD.,2019-01-01,0
2019-02-01,259,259,0,0,0,0,0,0,0,0,2019-09-01,CU RBS,GFT FINANCIAL LTD.,2019-01-01,0
2019-03-01,0,0,0,0,0,0,0,0,0,0,2019-09-01,CU RBS,GFT FINANCIAL LTD.,2019-01-01,0
2019-04-01,68697.04,68697.04,0,0,0,0,0,0,0,0,2019-09-01,CU RBS,GFT FINANCIAL LTD.,2019-01-01,0
2019-05-01,81017.31,81017.31,0,0,0,0,0,0,0,0,2019-09-01,CU RBS,GFT FINANCIAL LTD.,2019-01-01,0
2019-06-01,89535.65,89535.65,0,0,0,0,0,0,0,0,2019-09-01,CU RBS,GFT FINANCIAL LTD.,2019-01-01,0
2019-07-01,108621.42,108621.42,0,0,0,0,0,0,0,0,2019-09-01,CU RBS,GFT FINANCIAL LTD.,2019-01-01,0
2019-08-01,107638.44,107638.44,0,0,0,0,0,0,0,0,2019-09-01,CU RBS,GFT FINANCIAL LTD.,2019-01-01,0
2019-09-01,119536.25,119536.25,0,5687.5,0,0,0,0,0,0,2019-09-01,CU RBS,GFT FINANCIAL LTD.,2019-01-01,0
2019-01-01,24881,24881,0,0,0,0,0,0,0,0,2019-10-01,CU RBS,GFT FINANCIAL LTD.,2019-01-01,0
2019-02-01,259,259,0,0,0,0,0,0,0,0,2019-10-01,CU RBS,GFT FINANCIAL LTD.,2019-01-01,0
2019-03-01,0,0,0,0,0,0,0,0,0,0,2019-10-01,CU RBS,GFT FINANCIAL LTD.,2019-01-01,0
2019-04-01,68697.04,68697.04,0,0,0,0,0,0,0,0,2019-10-01,CU RBS,GFT FINANCIAL LTD.,2019-01-01,0
2019-05-01,81017.31,81017.31,0,0,0,0,0,0,0,0,2019-10-01,CU RBS,GFT FINANCIAL LTD.,2019-01-01,0
2019-06-01,89535.65,89535.65,0,0,0,0,0,0,0,0,2019-10-01,CU RBS,GFT FINANCIAL LTD.,2019-01-01,0
2019-07-01,108621.42,108621.42,0,0,0,0,0,0,0,0,2019-10-01,CU RBS,GFT FINANCIAL LTD.,2019-01-01,0
2019-08-01,107638.44,107638.44,0,0,0,0,0,0,0,0,2019-10-01,CU RBS,GFT FINANCIAL LTD.,2019-01-01,0
2019-09-01,119536.25,119536.25,0,,0,0,0,0,0,0,2019-10-01,CU RBS,GFT FINANCIAL LTD.,2019-01-01,0
2019-10-01,141565,141565,0,0,0,0,0,0,0,0,2019-10-01,CU RBS,GFT FINANCIAL LTD.,2019-01-01,0
2019-01-01,24881,24881,0,0,0,0,0,0,0,0,2019-11-01,CU RBS,GFT FINANCIAL LTD.,2019-01-01,0
2019-02-01,259,259,0,0,0,0,0,0,0,0,2019-11-01,CU RBS,GFT FINANCIAL LTD.,2019-01-01,0
2019-03-01,0,0,0,0,0,0,0,0,0,0,2019-11-01,CU RBS,GFT FINANCIAL LTD.,2019-01-01,0
2019-04-01,68697.04,68697.04,0,0,0,0,0,0,0,0,2019-11-01,CU RBS,GFT FINANCIAL LTD.,2019-01-01,0
2019-05-01,81017.31,81017.31,0,0,0,0,0,0,0,0,2019-11-01,CU RBS,GFT FINANCIAL LTD.,2019-01-01,0
2019-06-01,89535.65,89535.65,0,0,0,0,0,0,0,0,2019-11-01,CU RBS,GFT FINANCIAL LTD.,2019-01-01,0
2019-07-01,108621.42,108621.42,0,0,0,0,0,0,0,0,2019-11-01,CU RBS,GFT FINANCIAL LTD.,2019-01-01,0
2019-08-01,107638.44,107638.44,0,0,0,0,0,0,0,0,2019-11-01,CU RBS,GFT FINANCIAL LTD.,2019-01-01,0
2019-09-01,119536.25,119536.25,0,,0,0,0,0,0,0,2019-11-01,CU RBS,GFT FINANCIAL LTD.,2019-01-01,0
2019-10-01,141565,141565,0,0,0,0,0,0,0,0,2019-11-01,CU RBS,GFT FINANCIAL LTD.,2019-01-01,0
2019-11-01,101503.1,101503.1,0,0,0,0,0,0,0,0,2019-11-01,CU RBS,GFT FINANCIAL LTD.,2019-01-01,0
2019-01-01,269173.36,287251.4175,0,0,0,0,0,0,0,-28725.14175,2019-01-01,CU Schroders,GFT FINANCIAL LTD.,2019-01-01,-512391.3216
2019-01-01,269173.36,287683.1525,0,0,0,0,0,0,0,-28768.31525,2019-02-01,CU Schroders,GFT FINANCIAL LTD.,2019-01-01,0
2019-02-01,265678,285511.11,0,0,0,0,0,0,0,-28551.111,2019-02-01,CU Schroders,GFT FINANCIAL LTD.,2019-01-01,0
2019-01-01,269173.36,269173.36,0,0,0,0,0,0,0,-26917.336,2019-03-01,CU Schroders,GFT FINANCIAL LTD.,2019-01-01,0
2019-02-01,266960.02,266960.02,0,0,0,0,0,0,0,-26696.002,2019-03-01,CU Schroders,GFT FINANCIAL LTD.,2019-01-01,0
2019-03-01,313322.89,336924.6925,0,0,0,0,0,0,0,-33692.46925,2019-03-01,CU Schroders,GFT FINANCIAL LTD.,2019-01-01,0
2019-01-01,269173.36,269173.36,0,0,0,0,0,0,0,-26917.336,2019-04-01,CU Schroders,GFT FINANCIAL LTD.,2019-01-01,-548510.341
2019-02-01,266960.02,266960.02,0,0,0,0,0,0,0,-26696.002,2019-04-01,CU Schroders,GFT FINANCIAL LTD.,2019-01-01,-548510.341
2019-03-01,313322.89,313322.89,0,26704.5,0,0,0,0,0,-34002.739,2019-04-01,CU Schroders,GFT FINANCIAL LTD.,2019-01-01,-548510.341
2019-04-01,326580.89,285202.972,0,0,0,0,0,0,0,-28520.2972,2019-04-01,CU Schroders,GFT FINANCIAL LTD.,2019-01-01,-548510.341
2019-01-01,269173.36,269173.36,0,0,0,0,0,0,0,-26917.336,2019-05-01,CU Schroders,GFT FINANCIAL LTD.,2019-01-01,-488831.3984
2019-02-01,266960.02,266960.02,0,0,0,0,0,0,0,-26696.002,2019-05-01,CU Schroders,GFT FINANCIAL LTD.,2019-01-01,-488831.3984
2019-03-01,313322.89,313322.89,0,0,0,0,0,0,0,-31332.289,2019-05-01,CU Schroders,GFT FINANCIAL LTD.,2019-01-01,-488831.3984
2019-04-01,326580.89,326580.89,0,0,0,0,0,0,0,-32658.089,2019-05-01,CU Schroders,GFT FINANCIAL LTD.,2019-01-01,-488831.3984
2019-05-01,280529.14,280529.14,0,0,0,0,0,0,0,-28052.914,2019-05-01,CU Schroders,GFT FINANCIAL LTD.,2019-01-01,-488831.3984
2019-01-01,269173.36,269173.36,0,0,0,0,0,0,0,-26917.336,2019-06-01,CU Schroders,GFT FINANCIAL LTD.,2019-01-01,-438569.507
2019-02-01,266960.02,266960.02,0,0,0,0,0,0,0,-26696.002,2019-06-01,CU Schroders,GFT FINANCIAL LTD.,2019-01-01,-438569.507
2019-03-01,313322.89,313322.89,0,0,0,0,0,0,0,-31332.289,2019-06-01,CU Schroders,GFT FINANCIAL LTD.,2019-01-01,-438569.507
2019-04-01,326580.89,326580.89,0,6060.6,0,0,0,0,0,-33264.149,2019-06-01,CU Schroders,GFT FINANCIAL LTD.,2019-01-01,-438569.507
2019-05-01,280529.14,280529.14,0,6180.48,0,0,0,0,0,-28670.962,2019-06-01,CU Schroders,GFT FINANCIAL LTD.,2019-01-01,-438569.507
2019-06-01,283512,283512,0,5694.3,0,0,0,0,0,-28920.63,2019-06-01,CU Schroders,GFT FINANCIAL LTD.,2019-01-01,-438569.507
2019-01-01,269173.36,269173.36,0,0,0,0,0,0,0,-26917.336,2019-07-01,CU Schroders,GFT FINANCIAL LTD.,2019-01-01,-433047.2946
2019-02-01,266960.02,266960.02,0,0,0,0,0,0,0,-26696.002,2019-07-01,CU Schroders,GFT FINANCIAL LTD.,2019-01-01,-433047.2946
2019-03-01,313322.89,313322.89,0,0,0,0,0,0,0,-31332.289,2019-07-01,CU Schroders,GFT FINANCIAL LTD.,2019-01-01,-433047.2946
2019-04-01,326580.89,326580.89,0,0,0,0,0,0,0,-32658.089,2019-07-01,CU Schroders,GFT FINANCIAL LTD.,2019-01-01,-433047.2946
2019-05-01,280529.14,280529.14,0,0,0,0,0,0,0,-28052.914,2019-07-01,CU Schroders,GFT FINANCIAL LTD.,2019-01-01,-433047.2946
2019-06-01,280928.84,280928.84,0,0,0,0,0,0,0,-28092.884,2019-07-01,CU Schroders,GFT FINANCIAL LTD.,2019-01-01,-433047.2946
2019-07-01,309797.33,309797.33,0,0,0,0,0,0,0,-30979.733,2019-07-01,CU Schroders,GFT FINANCIAL LTD.,2019-01-01,-433047.2946
2019-01-01,269173.36,269173.36,0,0,0,0,0,0,0,-26917.336,2019-09-01,CU Schroders,GFT FINANCIAL LTD.,2019-01-01,-387190.1685
2019-02-01,266960.02,266960.02,0,0,0,0,0,0,0,-26696.002,2019-09-01,CU Schroders,GFT FINANCIAL LTD.,2019-01-01,-387190.1685
2019-03-01,313322.89,313322.89,0,0,0,0,0,0,0,-31332.289,2019-09-01,CU Schroders,GFT FINANCIAL LTD.,2019-01-01,-387190.1685
2019-04-01,326580.89,326580.89,0,0,0,0,0,0,0,-32658.089,2019-09-01,CU Schroders,GFT FINANCIAL LTD.,2019-01-01,-387190.1685
2019-05-01,280529.14,280529.14,0,0,0,0,0,0,0,-28052.914,2019-09-01,CU Schroders,GFT FINANCIAL LTD.,2019-01-01,-387190.1685
2019-06-01,280928.84,280928.84,0,0,0,0,0,0,0,-28092.884,2019-09-01,CU Schroders,GFT FINANCIAL LTD.,2019-01-01,-387190.1685
2019-07-01,309797.33,309797.33,0,0,0,0,0,0,0,-30979.733,2019-09-01,CU Schroders,GFT FINANCIAL LTD.,2019-01-01,-387190.1685
2019-08-01,264107.71,264107.71,0,0,0,0,0,0,0,-26410.771,2019-09-01,CU Schroders,GFT FINANCIAL LTD.,2019-01-01,-387190.1685
2019-09-01,321782.26,321782.26,0,0,0,0,0,0,0,-32178.226,2019-09-01,CU Schroders,GFT FINANCIAL LTD.,2019-01-01,-387190.1685
2019-01-01,269173.36,269173.36,0,0,0,0,0,0,0,-26917.336,2019-10-01,CU Schroders,GFT FINANCIAL LTD.,2019-01-01,0
2019-02-01,266960.02,266960.02,0,0,0,0,0,0,0,-26696.002,2019-10-01,CU Schroders,GFT FINANCIAL LTD.,2019-01-01,0
2019-03-01,313322.89,313322.89,0,0,0,0,0,0,0,-31332.289,2019-10-01,CU Schroders,GFT FINANCIAL LTD.,2019-01-01,0
2019-04-01,326580.89,326580.89,0,0,0,0,0,0,0,-32658.089,2019-10-01,CU Schroders,GFT FINANCIAL LTD.,2019-01-01,0
2019-05-01,280529.14,280529.14,0,0,0,0,0,0,0,-28052.914,2019-10-01,CU Schroders,GFT FINANCIAL LTD.,2019-01-01,0
2019-06-01,280928.84,280928.84,0,0,0,0,0,0,0,-28092.884,2019-10-01,CU Schroders,GFT FINANCIAL LTD.,2019-01-01,0
2019-07-01,309797.33,309797.33,0,0,0,0,0,0,0,-30979.733,2019-10-01,CU Schroders,GFT FINANCIAL LTD.,2019-01-01,0
2019-08-01,264107.71,264107.71,0,0,0,0,0,0,0,-26410.771,2019-10-01,CU Schroders,GFT FINANCIAL LTD.,2019-01-01,0
2019-09-01,298097.7,298097.7,0,0,0,0,0,0,0,-29809.77,2019-10-01,CU Schroders,GFT FINANCIAL LTD.,2019-01-01,0
2019-10-01,425227.39,425227.39,0,0,0,0,0,0,0,-42522.739,2019-10-01,CU Schroders,GFT FINANCIAL LTD.,2019-01-01,0
2019-01-01,269173.36,269173.36,0,0,0,0,0,0,0,-26917.336,2019-11-01,CU Schroders,GFT FINANCIAL LTD.,2019-01-01,-356443.1284
2019-02-01,266960.02,266960.02,0,0,0,0,0,0,0,-26696.002,2019-11-01,CU Schroders,GFT FINANCIAL LTD.,2019-01-01,-356443.1284
2019-03-01,313322.89,313322.89,0,0,0,0,0,0,0,-31332.289,2019-11-01,CU Schroders,GFT FINANCIAL LTD.,2019-01-01,-356443.1284
2019-04-01,326580.89,326580.89,0,0,0,0,0,0,0,-32658.089,2019-11-01,CU Schroders,GFT FINANCIAL LTD.,2019-01-01,-356443.1284
2019-05-01,280529.14,280529.14,0,0,0,0,0,0,0,-28052.914,2019-11-01,CU Schroders,GFT FINANCIAL LTD.,2019-01-01,-356443.1284
2019-06-01,280928.84,280928.84,0,0,0,0,0,0,0,-28092.884,2019-11-01,CU Schroders,GFT FINANCIAL LTD.,2019-01-01,-356443.1284
2019-07-01,309797.33,309797.33,0,0,0,0,0,0,0,-30979.733,2019-11-01,CU Schroders,GFT FINANCIAL LTD.,2019-01-01,-356443.1284
2019-08-01,264107.71,264107.71,0,0,0,0,0,0,0,-26410.771,2019-11-01,CU Schroders,GFT FINANCIAL LTD.,2019-01-01,-356443.1284
2019-09-01,298097.7,298097.7,0,0,0,0,0,0,0,-29809.77,2019-11-01,CU Schroders,GFT FINANCIAL LTD.,2019-01-01,-356443.1284
2019-10-01,389311.71,389311.71,0,0,0,0,0,0,0,-38931.171,2019-11-01,CU Schroders,GFT FINANCIAL LTD.,2019-01-01,-356443.1284
2019-11-01,342321.03,342321.03,0,0,0,0,0,0,0,-34232.103,2019-11-01,CU Schroders,GFT FINANCIAL LTD.,2019-01-01,-356443.1284
2020-01-01,444216.3069,281828.5777,154035.0917,8352.6375,0,0,0,0,0,0,2020-01-01,CU UK Asset Management,GFT FINANCIAL LTD.,2020-01-01,0
2020-01-01,451031.81,451031.81,0,0,0,0,0,0,0,0,2020-02-01,CU UK Asset Management,GFT FINANCIAL LTD.,2020-01-01,0
2020-02-01,394301.4864,378739.6864,15561.8,0,0,0,0,0,0,0,2020-02-01,CU UK Asset Management,GFT FINANCIAL LTD.,2020-01-01,0
2020-01-01,294795.72,294795.72,0,0,0,0,0,0,0,0,2020-03-01,CU UK Asset Management,GFT FINANCIAL LTD.,2020-01-01,0
2020-02-01,358491.86,358491.86,0,0,0,0,0,0,0,0,2020-03-01,CU UK Asset Management,GFT FINANCIAL LTD.,2020-01-01,0
2020-03-01,408547.4744,408547.4744,0,0,0,0,0,0,0,0,2020-03-01,CU UK Asset Management,GFT FINANCIAL LTD.,2020-01-01,0
2020-01-01,0,0,0,0,0,0,0,0,0,0,2020-02-01,Industry,GFT FINANCIAL LTD.,2020-01-01,0
2020-02-01,0,0,0,0,0,0,0,0,0,0,2020-02-01,Industry,GFT FINANCIAL LTD.,2020-01-01,0
2020-01-01,0,0,0,0,0,0,0,0,0,0,2020-03-01,Industry,GFT FINANCIAL LTD.,2020-02-01,0
2020-02-01,0,0,0,0,0,0,0,0,0,0,2020-03-01,Industry,GFT FINANCIAL LTD.,2020-02-01,0
2020-03-01,0,0,0,0,0,0,0,0,0,0,2020-03-01,Industry,GFT FINANCIAL LTD.,2020-02-01,0